"PERIOD","SECTOR","CLASSIFICATION","UNIT_MEAS","VALUE","STATUS"
"1995","S1","B1GQ","MCHF","423515.355497934","A"
"1995","S1","B1GQ","AC",,"O"
"1995","S1","B1GQ","ACPP",,"O"
"1995","S1","P3","MCHF","284803.462619628","A"
"1995","S1","P3","AC",,"O"
"1995","S1","P3","ACPP",,"O"
"1995","S1","P5","MCHF","124902.229872838","A"
"1995","S1","P5","AC",,"O"
"1995","S1","P5","ACPP",,"O"
"1995","S1","P51G","MCHF","112691.994162133","A"
"1995","S1","P51G","AC",,"O"
"1995","S1","P51G","ACPP",,"O"
"1995","S1","P5111_N113T117G","MCHF","65334.0550502933","A"
"1995","S1","P5111_N113T117G","AC",,"O"
"1995","S1","P5111_N113T117G","ACPP",,"O"
"1995","S1","P5111_N111_112G","MCHF","47357.9391118395","A"
"1995","S1","P5111_N111_112G","AC",,"O"
"1995","S1","P5111_N111_112G","ACPP",,"O"
"1995","S1","P52","MCHF","13672.1389012553","A"
"1995","S1","P52","AC",,"O"
"1995","S1","P52","ACPP",,"O"
"1995","S1","P53","MCHF","-1461.90319055038","A"
"1995","S1","P53","AC",,"O"
"1995","S1","P53","ACPP",,"O"
"1995","S13","P3","MCHF","50375.48321203","A"
"1995","S13","P3","AC",,"O"
"1995","S13","P3","ACPP",,"O"
"1995","S14_S15","P3","MCHF","234427.979407598","A"
"1995","S14_S15","P3","AC",,"O"
"1995","S14_S15","P3","ACPP",,"O"
"1995","S2","P7","MCHF","152204.991813522","A"
"1995","S2","P7","AC",,"O"
"1995","S2","P7","ACPP",,"O"
"1995","S2","P71","MCHF","113176.863507269","A"
"1995","S2","P71","AC",,"O"
"1995","S2","P71","ACPP",,"O"
"1995","S2","P71XF11","MCHF","96359.6771357908","A"
"1995","S2","P71XF11","AC",,"O"
"1995","S2","P71XF11","ACPP",,"O"
"1995","S2","P72","MCHF","39028.1283062529","A"
"1995","S2","P72","AC",,"O"
"1995","S2","P72","ACPP",,"O"
"1995","S2","P6","MCHF","166014.65481899","A"
"1995","S2","P6","AC",,"O"
"1995","S2","P6","ACPP",,"O"
"1995","S2","P61","MCHF","116980.224873847","A"
"1995","S2","P61","AC",,"O"
"1995","S2","P61","ACPP",,"O"
"1995","S2","P61XF11","MCHF","99600.1117798474","A"
"1995","S2","P61XF11","AC",,"O"
"1995","S2","P61XF11","ACPP",,"O"
"1995","S2","P62","MCHF","49034.4299451431","A"
"1995","S2","P62","AC",,"O"
"1995","S2","P62","ACPP",,"O"
"1996","S1","B1GQ","MCHF","426881.828001798","A"
"1996","S1","B1GQ","AC","0.794887944477593","A"
"1996","S1","B1GQ","ACPP","0.560166837778509","A"
"1996","S1","P3","MCHF","290986.473262636","A"
"1996","S1","P3","AC","2.17097453315205","A"
"1996","S1","P3","ACPP","1.4428965536114","A"
"1996","S1","P5","MCHF","123872.5174304","A"
"1996","S1","P5","AC","-0.824414779052463","A"
"1996","S1","P5","ACPP","-0.873839543022615","A"
"1996","S1","P51G","MCHF","108783.763410804","A"
"1996","S1","P51G","AC","-3.46806424039843","A"
"1996","S1","P51G","ACPP","-1.24943018792192","A"
"1996","S1","P5111_N113T117G","MCHF","65654.5475683791","A"
"1996","S1","P5111_N113T117G","AC","0.490544353689919","A"
"1996","S1","P5111_N113T117G","ACPP","2.46836536465196","A"
"1996","S1","P5111_N111_112G","MCHF","43129.2158424248","A"
"1996","S1","P5111_N111_112G","AC","-8.92928059945394","A"
"1996","S1","P5111_N111_112G","ACPP","-6.37842574501259","A"
"1996","S1","P52","MCHF","14030.8447830544","A"
"1996","S1","P52","AC","2.62362666434055","A"
"1996","S1","P52","ACPP","-14.9254598915018","A"
"1996","S1","P53","MCHF","1057.90923654166","A"
"1996","S1","P53","AC","172.365204712589","A"
"1996","S1","P53","ACPP","161.24134230919","A"
"1996","S13","P3","MCHF","51368.91962954","A"
"1996","S13","P3","AC","1.97206330176254","A"
"1996","S13","P3","ACPP","1.18275793039295","A"
"1996","S14_S15","P3","MCHF","239617.553633096","A"
"1996","S14_S15","P3","AC","2.21371793529571","A"
"1996","S14_S15","P3","ACPP","1.49879691533382","A"
"1996","S2","P7","MCHF","160069.809149149","A"
"1996","S2","P7","AC","5.16725321680843","A"
"1996","S2","P7","ACPP","4.32424542978546","A"
"1996","S2","P71","MCHF","117968.252744554","A"
"1996","S2","P71","AC","4.23354128114465","A"
"1996","S2","P71","ACPP","4.0262096754083","A"
"1996","S2","P71XF11","MCHF","98482.0942325513","A"
"1996","S2","P71XF11","AC","2.2025988046531","A"
"1996","S2","P71XF11","ACPP","3.1884849441419","A"
"1996","S2","P72","MCHF","42101.5564045951","A"
"1996","S2","P72","AC","7.87490518178351","A"
"1996","S2","P72","ACPP","5.18851316070878","A"
"1996","S2","P6","MCHF","172092.646457911","A"
"1996","S2","P6","AC","3.66111753540541","A"
"1996","S2","P6","ACPP","3.57566969693873","A"
"1996","S2","P61","MCHF","120230.202278142","A"
"1996","S2","P61","AC","2.77822803623367","A"
"1996","S2","P61","ACPP","3.03485129261731","A"
"1996","S2","P61XF11","MCHF","101867.311848142","A"
"1996","S2","P61XF11","AC","2.27630273478584","A"
"1996","S2","P61XF11","ACPP","3.70355087947991","A"
"1996","S2","P62","MCHF","51862.4441797695","A"
"1996","S2","P62","AC","5.7674051432641","A"
"1996","S2","P62","ACPP","4.86588676735663","A"
"1997","S1","B1GQ","MCHF","433747.492069234","A"
"1997","S1","B1GQ","AC","1.60832896063367","A"
"1997","S1","B1GQ","ACPP","2.09761684983849","A"
"1997","S1","P3","MCHF","297390.187981525","A"
"1997","S1","P3","AC","2.20069154661671","A"
"1997","S1","P3","ACPP","1.71293737836438","A"
"1997","S1","P5","MCHF","119027.077496136","A"
"1997","S1","P5","AC","-3.91163434374092","A"
"1997","S1","P5","ACPP","-2.84752117686044","A"
"1997","S1","P51G","MCHF","111258.095431986","A"
"1997","S1","P51G","AC","2.27454166283821","A"
"1997","S1","P51G","ACPP","4.31025347086083","A"
"1997","S1","P5111_N113T117G","MCHF","70064.8516785962","A"
"1997","S1","P5111_N113T117G","AC","6.71743888818022","A"
"1997","S1","P5111_N113T117G","ACPP","8.14956571533436","A"
"1997","S1","P5111_N111_112G","MCHF","41193.2437533898","A"
"1997","S1","P5111_N111_112G","AC","-4.4887718248998","A"
"1997","S1","P5111_N111_112G","ACPP","-1.53423740292629","A"
"1997","S1","P52","MCHF","8148.8453773412","A"
"1997","S1","P52","AC","-41.9219191478556","A"
"1997","S1","P52","ACPP","-43.2995064231566","A"
"1997","S1","P53","MCHF","-379.86331319123","A"
"1997","S1","P53","AC","-135.906985218601","A"
"1997","S1","P53","ACPP","-202.367603219422","A"
"1997","S13","P3","MCHF","51100.12369112","A"
"1997","S13","P3","AC","-0.523265702994127","A"
"1997","S13","P3","ACPP","0.405219352254352","A"
"1997","S14_S15","P3","MCHF","246290.064290404","A"
"1997","S14_S15","P3","AC","2.78465018782636","A"
"1997","S14_S15","P3","ACPP","1.99328437783423","A"
"1997","S2","P7","MCHF","181593.662683337","A"
"1997","S2","P7","AC","13.4465416361758","A"
"1997","S2","P7","ACPP","11.5879221731528","A"
"1997","S2","P71","MCHF","136402.924844773","A"
"1997","S2","P71","AC","15.6268077820368","A"
"1997","S2","P71","ACPP","14.169271324608","A"
"1997","S2","P71XF11","MCHF","111698.719886226","A"
"1997","S2","P71XF11","AC","13.4203336725001","A"
"1997","S2","P71XF11","ACPP","11.7292441057653","A"
"1997","S2","P72","MCHF","45190.7378385639","A"
"1997","S2","P72","AC","7.33745186111827","A"
"1997","S2","P72","ACPP","4.35500075346937","A"
"1997","S2","P6","MCHF","198923.88927491","A"
"1997","S2","P6","AC","15.5911617197197","A"
"1997","S2","P6","ACPP","15.134865257589","A"
"1997","S2","P61","MCHF","140822.009365909","A"
"1997","S2","P61","AC","17.1269836510214","A"
"1997","S2","P61","ACPP","16.7488870497532","A"
"1997","S2","P61XF11","MCHF","114353.251504909","A"
"1997","S2","P61XF11","AC","12.2570620842343","A"
"1997","S2","P61XF11","ACPP","11.8749401743305","A"
"1997","S2","P62","MCHF","58101.8799090007","A"
"1997","S2","P62","AC","12.0307398309335","A"
"1997","S2","P62","ACPP","11.3931564040576","A"
"1998","S1","B1GQ","MCHF","444954.842817937","A"
"1998","S1","B1GQ","AC","2.58384220165464","A"
"1998","S1","B1GQ","ACPP","2.77611377234191","A"
"1998","S1","P3","MCHF","303294.526970594","A"
"1998","S1","P3","AC","1.98538459830978","A"
"1998","S1","P3","ACPP","2.04359254950843","A"
"1998","S1","P5","MCHF","127529.67451427","A"
"1998","S1","P5","AC","7.14341408442167","A"
"1998","S1","P5","ACPP","10.1886259365704","A"
"1998","S1","P51G","MCHF","119648.179259463","A"
"1998","S1","P51G","AC","7.54109963405441","A"
"1998","S1","P51G","ACPP","8.26393069123458","A"
"1998","S1","P5111_N113T117G","MCHF","78187.2446415282","A"
"1998","S1","P5111_N113T117G","AC","11.5926784519452","A"
"1998","S1","P5111_N113T117G","ACPP","12.5277506209468","A"
"1998","S1","P5111_N111_112G","MCHF","41460.9346179352","A"
"1998","S1","P5111_N111_112G","AC","0.649841673425795","A"
"1998","S1","P5111_N111_112G","ACPP","1.01167561882494","A"
"1998","S1","P52","MCHF","6071.35002944301","A"
"1998","S1","P52","AC","-25.4943522879315","A"
"1998","S1","P52","ACPP","30.9705926930027","A"
"1998","S1","P53","MCHF","1810.14522536401","A"
"1998","S1","P53","AC","576.525413880321","A"
"1998","S1","P53","ACPP","107.719295130018","A"
"1998","S13","P3","MCHF","51650.68439076","A"
"1998","S13","P3","AC","1.0774155909444","A"
"1998","S13","P3","ACPP","1.51970530200892","A"
"1998","S14_S15","P3","MCHF","251643.842579834","A"
"1998","S14_S15","P3","AC","2.17376949608368","A"
"1998","S14_S15","P3","ACPP","2.15228838027429","A"
"1998","S2","P7","MCHF","187765.94851661","A"
"1998","S2","P7","AC","3.39895442498795","A"
"1998","S2","P7","ACPP","6.02006398786787","A"
"1998","S2","P71","MCHF","137320.189144143","A"
"1998","S2","P71","AC","0.672466738095282","A"
"1998","S2","P71","ACPP","4.85910817090411","A"
"1998","S2","P71XF11","MCHF","117416.157049927","A"
"1998","S2","P71XF11","AC","5.11862371343621","A"
"1998","S2","P71XF11","ACPP","8.1686937927987","A"
"1998","S2","P72","MCHF","50445.7593724666","A"
"1998","S2","P72","AC","11.6285366985496","A"
"1998","S2","P72","ACPP","9.52427251872022","A"
"1998","S2","P6","MCHF","201896.589849683","A"
"1998","S2","P6","AC","1.49439093796579","A"
"1998","S2","P6","ACPP","2.39725412542485","A"
"1998","S2","P61","MCHF","139214.352827292","A"
"1998","S2","P61","AC","-1.14162306436057","A"
"1998","S2","P61","ACPP","0.74370143971358","A"
"1998","S2","P61XF11","MCHF","117258.191137292","A"
"1998","S2","P61XF11","AC","2.54032097395855","A"
"1998","S2","P61XF11","ACPP","2.69820943572405","A"
"1998","S2","P62","MCHF","62682.2370223912","A"
"1998","S2","P62","AC","7.8833199899286","A"
"1998","S2","P62","ACPP","6.40498351660729","A"
"1999","S1","B1GQ","MCHF","453531.10713721","A"
"1999","S1","B1GQ","AC","1.92744599990394","A"
"1999","S1","B1GQ","ACPP","1.6800755910613","A"
"1999","S1","P3","MCHF","311664.236599454","A"
"1999","S1","P3","AC","2.75959797641554","A"
"1999","S1","P3","ACPP","2.27909435790192","A"
"1999","S1","P5","MCHF","127162.501994344","A"
"1999","S1","P5","AC","-0.287911438122094","A"
"1999","S1","P5","ACPP","1.39917856112933","A"
"1999","S1","P51G","MCHF","123364.328939515","A"
"1999","S1","P51G","AC","3.10589739271577","A"
"1999","S1","P51G","ACPP","2.63223109730738","A"
"1999","S1","P5111_N113T117G","MCHF","82499.1950915055","A"
"1999","S1","P5111_N113T117G","AC","5.51490267977423","A"
"1999","S1","P5111_N113T117G","ACPP","5.95184209951926","A"
"1999","S1","P5111_N111_112G","MCHF","40865.1338480095","A"
"1999","S1","P5111_N111_112G","AC","-1.43701721974198","A"
"1999","S1","P5111_N111_112G","ACPP","-3.62790847591796","A"
"1999","S1","P52","MCHF","2989.92679941037","A"
"1999","S1","P52","AC","-50.753509764538","A"
"1999","S1","P52","ACPP","-9.35949456555303","A"
"1999","S1","P53","MCHF","808.24625541864","A"
"1999","S1","P53","AC","-55.3490933161948","A"
"1999","S1","P53","ACPP","-44.0186251203311","A"
"1999","S13","P3","MCHF","52700.43542224","A"
"1999","S13","P3","AC","2.03240488265009","A"
"1999","S13","P3","ACPP","2.03031758692561","A"
"1999","S14_S15","P3","MCHF","258963.801177214","A"
"1999","S14_S15","P3","AC","2.90885662940762","A"
"1999","S14_S15","P3","ACPP","2.33015656689428","A"
"1999","S2","P7","MCHF","194684.074790696","A"
"1999","S2","P7","AC","3.68444136369839","A"
"1999","S2","P7","ACPP","4.6235587909769","A"
"1999","S2","P71","MCHF","139560.79096146","A"
"1999","S2","P71","AC","1.63166234424971","A"
"1999","S2","P71","ACPP","2.71851223998518","A"
"1999","S2","P71XF11","MCHF","121893.220503675","A"
"1999","S2","P71XF11","AC","3.81298755319065","A"
"1999","S2","P71XF11","ACPP","4.9365712307898","A"
"1999","S2","P72","MCHF","55123.2838292358","A"
"1999","S2","P72","AC","9.27238387320649","A"
"1999","S2","P72","ACPP","9.80935351316643","A"
"1999","S2","P6","MCHF","209388.443334108","A"
"1999","S2","P6","AC","3.71073800206463","A"
"1999","S2","P6","ACPP","3.6951146194145","A"
"1999","S2","P61","MCHF","140930.678875645","A"
"1999","S2","P61","AC","1.23286573079339","A"
"1999","S2","P61","ACPP","2.06287195135254","A"
"1999","S2","P61XF11","MCHF","124209.213309645","A"
"1999","S2","P61XF11","AC","5.9279629891398","A"
"1999","S2","P61XF11","ACPP","6.77393199201445","A"
"1999","S2","P62","MCHF","68457.7644584625","A"
"1999","S2","P62","AC","9.21397785150546","A"
"1999","S2","P62","ACPP","7.32025018389936","A"
"2000","S1","B1GQ","MCHF","476794.431832234","A"
"2000","S1","B1GQ","AC","5.12937796965401","A"
"2000","S1","B1GQ","ACPP","3.63321686150904","A"
"2000","S1","P3","MCHF","322925.280433317","A"
"2000","S1","P3","AC","3.61319731668025","A"
"2000","S1","P3","ACPP","2.43372618425524","A"
"2000","S1","P5","MCHF","133109.696766636","A"
"2000","S1","P5","AC","4.67684630218765","A"
"2000","S1","P5","ACPP","-0.17230756674478","A"
"2000","S1","P51G","MCHF","131257.706660789","A"
"2000","S1","P51G","AC","6.39842796465405","A"
"2000","S1","P51G","ACPP","4.7866295200973","A"
"2000","S1","P5111_N113T117G","MCHF","87426.9081839229","A"
"2000","S1","P5111_N113T117G","AC","5.97304384236931","A"
"2000","S1","P5111_N113T117G","ACPP","5.76987439057418","A"
"2000","S1","P5111_N111_112G","MCHF","43830.7984768658","A"
"2000","S1","P5111_N111_112G","AC","7.25720033093876","A"
"2000","S1","P5111_N111_112G","ACPP","2.80163882622383","A"
"2000","S1","P52","MCHF","5909.45731265828","A"
"2000","S1","P52","AC","97.6455515173029","A"
"2000","S1","P52","ACPP","-66.5958317501652","A"
"2000","S1","P53","MCHF","-4057.46720681125","A"
"2000","S1","P53","AC","-602.008785021793","A"
"2000","S1","P53","ACPP","-511.34630699376","A"
"2000","S13","P3","MCHF","54816.02765465","A"
"2000","S13","P3","AC","4.01437334522896","A"
"2000","S13","P3","ACPP","1.22677017219487","A"
"2000","S14_S15","P3","MCHF","268109.252778667","A"
"2000","S14_S15","P3","AC","3.53155597804771","A"
"2000","S14_S15","P3","ACPP","2.67934780041133","A"
"2000","S2","P7","MCHF","221707.835893293","A"
"2000","S2","P7","AC","13.8808277624403","A"
"2000","S2","P7","ACPP","8.5223593650782","A"
"2000","S2","P71","MCHF","158119.28639791","A"
"2000","S2","P71","AC","13.2977860820337","A"
"2000","S2","P71","ACPP","6.45644416151146","A"
"2000","S2","P71XF11","MCHF","140332.453278268","A"
"2000","S2","P71XF11","AC","15.1273653271284","A"
"2000","S2","P71XF11","ACPP","8.65387817188059","A"
"2000","S2","P72","MCHF","63588.5494953836","A"
"2000","S2","P72","AC","15.3569691028787","A"
"2000","S2","P72","ACPP","13.7528307709955","A"
"2000","S2","P6","MCHF","242467.290525574","A"
"2000","S2","P6","AC","15.7978380586576","A"
"2000","S2","P6","ACPP","12.2755111063334","A"
"2000","S2","P61","MCHF","161144.249487266","A"
"2000","S2","P61","AC","14.3429172220597","A"
"2000","S2","P61","ACPP","10.6149147775084","A"
"2000","S2","P61XF11","MCHF","138723.389536266","A"
"2000","S2","P61XF11","AC","11.6852654001099","A"
"2000","S2","P61XF11","ACPP","9.15002696775314","A"
"2000","S2","P62","MCHF","81323.0410383082","A"
"2000","S2","P62","AC","18.7930130082642","A"
"2000","S2","P62","ACPP","15.6941002146839","A"
"2001","S1","B1GQ","MCHF","489674.255649415","A"
"2001","S1","B1GQ","AC","2.7013368775483","A"
"2001","S1","B1GQ","ACPP","1.59219771850951","A"
"2001","S1","P3","MCHF","332162.154800339","A"
"2001","S1","P3","AC","2.86037511669168","A"
"2001","S1","P3","ACPP","1.9571609513011","A"
"2001","S1","P5","MCHF","139617.173491441","A"
"2001","S1","P5","AC","4.88880741439449","A"
"2001","S1","P5","ACPP","3.84215893796924","A"
"2001","S1","P51G","MCHF","131796.19969051","A"
"2001","S1","P51G","AC","0.410256314406726","A"
"2001","S1","P51G","ACPP","-1.18592563908017","A"
"2001","S1","P5111_N113T117G","MCHF","88017.2533397156","A"
"2001","S1","P5111_N113T117G","AC","0.675244233218014","A"
"2001","S1","P5111_N113T117G","ACPP","-0.0937107719596831","A"
"2001","S1","P5111_N111_112G","MCHF","43778.9463507944","A"
"2001","S1","P5111_N111_112G","AC","-0.118300664996475","A"
"2001","S1","P5111_N111_112G","ACPP","-3.36450718956816","A"
"2001","S1","P52","MCHF","7027.92083774563","A"
"2001","S1","P52","AC","18.9266706892283","A"
"2001","S1","P52","ACPP","42.2833153343486","A"
"2001","S1","P53","MCHF","793.052963185394","A"
"2001","S1","P53","AC","119.545517505455","A"
"2001","S1","P53","ACPP","102.827459236593","A"
"2001","S13","P3","MCHF","56611.17524413","A"
"2001","S13","P3","AC","3.27485895327864","A"
"2001","S13","P3","ACPP","0.381749909890679","A"
"2001","S14_S15","P3","MCHF","275550.979556209","A"
"2001","S14_S15","P3","AC","2.77563220978605","A"
"2001","S14_S15","P3","ACPP","2.27926014899154","A"
"2001","S2","P7","MCHF","224168.403929608","A"
"2001","S2","P7","AC","1.10982456997996","A"
"2001","S2","P7","ACPP","1.64416409876935","A"
"2001","S2","P71","MCHF","161056.679727386","A"
"2001","S2","P71","AC","1.85770717563491","A"
"2001","S2","P71","ACPP","2.17932309605334","A"
"2001","S2","P71XF11","MCHF","143501.970255966","A"
"2001","S2","P71XF11","AC","2.25857733094203","A"
"2001","S2","P71XF11","ACPP","2.34064936877539","A"
"2001","S2","P72","MCHF","63111.7242022216","A"
"2001","S2","P72","AC","-0.749860308099457","A"
"2001","S2","P72","ACPP","0.313437742664799","A"
"2001","S2","P6","MCHF","242063.331287243","A"
"2001","S2","P6","AC","-0.166603601440775","A"
"2001","S2","P6","ACPP","-0.0815379650537326","A"
"2001","S2","P61","MCHF","163471.234145736","A"
"2001","S2","P61","AC","1.44403828611558","A"
"2001","S2","P61","ACPP","1.58338136280786","A"
"2001","S2","P61XF11","MCHF","141815.324707736","A"
"2001","S2","P61XF11","AC","2.22884920978768","A"
"2001","S2","P61XF11","ACPP","2.04499599925268","A"
"2001","S2","P62","MCHF","78592.097141507","A"
"2001","S2","P62","AC","-3.35814286078499","A"
"2001","S2","P62","ACPP","-3.38062973682743","A"
"2002","S1","B1GQ","MCHF","489292.797185404","A"
"2002","S1","B1GQ","AC","-0.0779004531298081","A"
"2002","S1","B1GQ","ACPP","0.380410211238838","A"
"2002","S1","P3","MCHF","332959.3122057","A"
"2002","S1","P3","AC","0.239990436550697","A"
"2002","S1","P3","ACPP","0.454020387065143","A"
"2002","S1","P5","MCHF","133326.248703568","A"
"2002","S1","P5","AC","-4.5058388094777","A"
"2002","S1","P5","ACPP","0.0471135828657797","A"
"2002","S1","P51G","MCHF","132601.849284853","A"
"2002","S1","P51G","AC","0.611284389257577","A"
"2002","S1","P51G","ACPP","1.15764502058525","A"
"2002","S1","P5111_N113T117G","MCHF","88387.1462551332","A"
"2002","S1","P5111_N113T117G","AC","0.420250463837991","A"
"2002","S1","P5111_N113T117G","ACPP","0.678219547975854","A"
"2002","S1","P5111_N111_112G","MCHF","44214.7030297196","A"
"2002","S1","P5111_N111_112G","AC","0.995356707385169","A"
"2002","S1","P5111_N111_112G","ACPP","2.12152644756273","A"
"2002","S1","P52","MCHF","2143.05185985235","A"
"2002","S1","P52","AC","-69.5066021753912","A"
"2002","S1","P52","ACPP","-14.4286325299595","A"
"2002","S1","P53","MCHF","-1418.65244113735","A"
"2002","S1","P53","AC","-278.884955607398","A"
"2002","S1","P53","ACPP","-56.2283528131839","A"
"2002","S13","P3","MCHF","58445.36804239","A"
"2002","S13","P3","AC","3.23998360809547","A"
"2002","S13","P3","ACPP","2.05471045342566","A"
"2002","S14_S15","P3","MCHF","274513.94416331","A"
"2002","S14_S15","P3","AC","-0.376349739191162","A"
"2002","S14_S15","P3","ACPP","0.125163106266457","A"
"2002","S2","P7","MCHF","210879.111950411","A"
"2002","S2","P7","AC","-5.9282627463279","A"
"2002","S2","P7","ACPP","-2.2374641126768","A"
"2002","S2","P71","MCHF","148581.273460273","A"
"2002","S2","P71","AC","-7.74597259066155","A"
"2002","S2","P71","ACPP","-3.12412283818486","A"
"2002","S2","P71XF11","MCHF","131936.060284047","A"
"2002","S2","P71XF11","AC","-8.05975691573344","A"
"2002","S2","P71XF11","ACPP","-2.28884775344173","A"
"2002","S2","P72","MCHF","62297.8384901376","A"
"2002","S2","P72","AC","-1.28959511465107","A"
"2002","S2","P72","ACPP","0.0252265709761806","A"
"2002","S2","P6","MCHF","233886.348226547","A"
"2002","S2","P6","AC","-3.37803459004403","A"
"2002","S2","P6","ACPP","-1.9527035541017","A"
"2002","S2","P61","MCHF","159321.367826921","A"
"2002","S2","P61","AC","-2.53859117201965","A"
"2002","S2","P61","ACPP","-0.948365372643257","A"
"2002","S2","P61XF11","MCHF","140749.382408921","A"
"2002","S2","P61XF11","AC","-0.751641122715062","A"
"2002","S2","P61XF11","ACPP","1.73815537245559","A"
"2002","S2","P62","MCHF","74564.9803996263","A"
"2002","S2","P62","AC","-5.12407339713789","A"
"2002","S2","P62","ACPP","-4.04172278115052","A"
"2003","S1","B1GQ","MCHF","493651.675297047","A"
"2003","S1","B1GQ","AC","0.89085270347668","A"
"2003","S1","B1GQ","ACPP","-0.284222454587558","A"
"2003","S1","P3","MCHF","338989.938250859","A"
"2003","S1","P3","AC","1.81122011731972","A"
"2003","S1","P3","ACPP","0.673184861862331","A"
"2003","S1","P5","MCHF","132058.725895676","A"
"2003","S1","P5","AC","-0.950692620708139","A"
"2003","S1","P5","ACPP","0.34694675336732","A"
"2003","S1","P51G","MCHF","131161.358807153","A"
"2003","S1","P51G","AC","-1.08632759306801","A"
"2003","S1","P51G","ACPP","-0.685564550681825","A"
"2003","S1","P5111_N113T117G","MCHF","86795.2888399837","A"
"2003","S1","P5111_N113T117G","AC","-1.8010055563448","A"
"2003","S1","P5111_N113T117G","ACPP","-1.93764362125271","A"
"2003","S1","P5111_N111_112G","MCHF","44366.0699671694","A"
"2003","S1","P5111_N111_112G","AC","0.342345254129696","A"
"2003","S1","P5111_N111_112G","ACPP","1.81739687052584","A"
"2003","S1","P52","MCHF","2306.8092480265","A"
"2003","S1","P52","AC","7.64131709745152","A"
"2003","S1","P52","ACPP","58.7631778133406","A"
"2003","S1","P53","MCHF","-1409.44215950348","A"
"2003","S1","P53","AC","0.649227489890645","A"
"2003","S1","P53","ACPP","7.91716034279602","A"
"2003","S13","P3","MCHF","60038.41432123","A"
"2003","S13","P3","AC","2.72570150928738","A"
"2003","S13","P3","ACPP","1.78804173130771","A"
"2003","S14_S15","P3","MCHF","278951.523929629","A"
"2003","S14_S15","P3","AC","1.61652253398069","A"
"2003","S14_S15","P3","ACPP","0.435826354454206","A"
"2003","S2","P7","MCHF","210222.738601499","A"
"2003","S2","P7","AC","-0.311255744033471","A"
"2003","S2","P7","ACPP","0.325223092508905","A"
"2003","S2","P71","MCHF","147800.495988078","A"
"2003","S2","P71","AC","-0.525488477795464","A"
"2003","S2","P71","ACPP","1.32362743142099","A"
"2003","S2","P71XF11","MCHF","131669.438025252","A"
"2003","S2","P71XF11","AC","-0.202084447740486","A"
"2003","S2","P71XF11","ACPP","2.04542662051224","A"
"2003","S2","P72","MCHF","62422.2426134207","A"
"2003","S2","P72","AC","0.199692519513008","A"
"2003","S2","P72","ACPP","-2.05598613880819","A"
"2003","S2","P6","MCHF","232825.749752011","A"
"2003","S2","P6","AC","-0.45346745655645","A"
"2003","S2","P6","ACPP","-1.45748361628607","A"
"2003","S2","P61","MCHF","159047.290875861","A"
"2003","S2","P61","AC","-0.172027741662907","A"
"2003","S2","P61","ACPP","-0.242947555274931","A"
"2003","S2","P61XF11","MCHF","140808.861662861","A"
"2003","S2","P61XF11","AC","0.0422589804110548","A"
"2003","S2","P61XF11","ACPP","0.127505951918956","A"
"2003","S2","P62","MCHF","73778.4588761497","A"
"2003","S2","P62","AC","-1.05481355894051","A"
"2003","S2","P62","ACPP","-4.05255633646056","A"
"2004","S1","B1GQ","MCHF","508607.552802168","A"
"2004","S1","B1GQ","AC","3.02964180079439","A"
"2004","S1","B1GQ","ACPP","2.58692894953165","A"
"2004","S1","P3","MCHF","347296.41098448","A"
"2004","S1","P3","AC","2.45035967040224","A"
"2004","S1","P3","ACPP","1.81796124411172","A"
"2004","S1","P5","MCHF","127435.471326788","A"
"2004","S1","P5","AC","-3.50090805248306","A"
"2004","S1","P5","ACPP","-4.3175648662201","A"
"2004","S1","P51G","MCHF","139210.731927674","A"
"2004","S1","P51G","AC","6.13700040448331","A"
"2004","S1","P51G","ACPP","5.59985173586954","A"
"2004","S1","P5111_N113T117G","MCHF","92430.1378981012","A"
"2004","S1","P5111_N113T117G","AC","6.49211395391053","A"
"2004","S1","P5111_N113T117G","ACPP","6.43685047769896","A"
"2004","S1","P5111_N111_112G","MCHF","46780.5940295727","A"
"2004","S1","P5111_N111_112G","AC","5.44227619031838","A"
"2004","S1","P5111_N111_112G","ACPP","3.96239438141946","A"
"2004","S1","P52","MCHF","-1793.82728129361","A"
"2004","S1","P52","AC","-177.762271970612","A"
"2004","S1","P52","ACPP","-215.120309520299","A"
"2004","S1","P53","MCHF","-9981.43331959241","A"
"2004","S1","P53","AC","-608.183251954709","A"
"2004","S1","P53","ACPP","-573.570723076176","A"
"2004","S13","P3","MCHF","60689.9913975","A"
"2004","S13","P3","AC","1.08526696388716","A"
"2004","S13","P3","ACPP","1.21681400812081","A"
"2004","S14_S15","P3","MCHF","286606.41958698","A"
"2004","S14_S15","P3","AC","2.74416699701615","A"
"2004","S14_S15","P3","ACPP","1.947345469421","A"
"2004","S2","P7","MCHF","224734.062696227","A"
"2004","S2","P7","AC","6.90283277216552","A"
"2004","S2","P7","ACPP","4.94836461555681","A"
"2004","S2","P71","MCHF","153296.336962734","A"
"2004","S2","P71","AC","3.7184184923841","A"
"2004","S2","P71","ACPP","2.55146789554562","A"
"2004","S2","P71XF11","MCHF","140832.366914248","A"
"2004","S2","P71XF11","AC","6.95904002205826","A"
"2004","S2","P71XF11","ACPP","6.00925389697123","A"
"2004","S2","P72","MCHF","71437.7257334927","A"
"2004","S2","P72","AC","14.4427414694224","A"
"2004","S2","P72","ACPP","10.6236256958706","A"
"2004","S2","P6","MCHF","258609.733187127","A"
"2004","S2","P6","AC","11.0743693352555","A"
"2004","S2","P6","ACPP","9.75494385235266","A"
"2004","S2","P61","MCHF","180200.597319062","A"
"2004","S2","P61","AC","13.3000105356784","A"
"2004","S2","P61","ACPP","10.8228542801961","A"
"2004","S2","P61XF11","MCHF","157191.621853062","A"
"2004","S2","P61XF11","AC","11.6347508223068","A"
"2004","S2","P61XF11","ACPP","9.43867905778534","A"
"2004","S2","P62","MCHF","78409.1358680645","A"
"2004","S2","P62","AC","6.27646207640126","A"
"2004","S2","P62","ACPP","7.45280494847955","A"
"2005","S1","B1GQ","MCHF","528601.157101518","A"
"2005","S1","B1GQ","AC","3.93104746266444","A"
"2005","S1","B1GQ","ACPP","2.9520848940826","A"
"2005","S1","P3","MCHF","356640.192869207","A"
"2005","S1","P3","AC","2.69043433482093","A"
"2005","S1","P3","ACPP","1.68437618995682","A"
"2005","S1","P5","MCHF","145144.266630529","A"
"2005","S1","P5","AC","13.8962842286899","A"
"2005","S1","P5","ACPP","12.1281628313217","A"
"2005","S1","P51G","MCHF","144120.649174906","A"
"2005","S1","P51G","AC","3.52696748249483","A"
"2005","S1","P51G","ACPP","3.31957488102788","A"
"2005","S1","P5111_N113T117G","MCHF","94606.1076384737","A"
"2005","S1","P5111_N113T117G","AC","2.354177749655","A"
"2005","S1","P5111_N113T117G","ACPP","3.22143256947529","A"
"2005","S1","P5111_N111_112G","MCHF","49514.5415364322","A"
"2005","S1","P5111_N111_112G","AC","5.8441915148219","A"
"2005","S1","P5111_N111_112G","ACPP","3.51348664248835","A"
"2005","S1","P52","MCHF","-342.618190852697","A"
"2005","S1","P52","AC","80.9001571987678","A"
"2005","S1","P52","ACPP","-20.0750427581277","A"
"2005","S1","P53","MCHF","1366.23564647569","A"
"2005","S1","P53","AC","113.68777011007","A"
"2005","S1","P53","ACPP","112.153116831049","A"
"2005","S13","P3","MCHF","61827.96829351","A"
"2005","S13","P3","AC","1.87506517929226","A"
"2005","S13","P3","ACPP","0.852895742946111","A"
"2005","S14_S15","P3","MCHF","294812.224575697","A"
"2005","S14_S15","P3","AC","2.86309183183768","A"
"2005","S14_S15","P3","ACPP","1.86044531377123","A"
"2005","S2","P7","MCHF","255303.121947797","A"
"2005","S2","P7","AC","13.6023257377277","A"
"2005","S2","P7","ACPP","9.98914160574847","A"
"2005","S2","P71","MCHF","177984.540455529","A"
"2005","S2","P71","AC","16.1048880762209","A"
"2005","S2","P71","ACPP","11.2868162869649","A"
"2005","S2","P71XF11","MCHF","154300.856408147","A"
"2005","S2","P71XF11","AC","9.56349011878758","A"
"2005","S2","P71XF11","ACPP","5.99739504424176","A"
"2005","S2","P72","MCHF","77318.5814922678","A"
"2005","S2","P72","AC","8.2321430286209","A"
"2005","S2","P72","ACPP","7.20449563392829","A"
"2005","S2","P6","MCHF","282119.819549579","A"
"2005","S2","P6","AC","9.09095186507965","A"
"2005","S2","P6","ACPP","6.24809080996568","A"
"2005","S2","P61","MCHF","194389.343604233","A"
"2005","S2","P61","AC","7.87386196065075","A"
"2005","S2","P61","ACPP","4.15802775626964","A"
"2005","S2","P61XF11","MCHF","169797.085986233","A"
"2005","S2","P61XF11","AC","8.01917047777155","A"
"2005","S2","P61XF11","ACPP","5.32025835989612","A"
"2005","S2","P62","MCHF","87730.4759453461","A"
"2005","S2","P62","AC","11.88807907916","A"
"2005","S2","P62","ACPP","11.0514929459651","A"
"2006","S1","B1GQ","MCHF","562159.638450928","A"
"2006","S1","B1GQ","AC","6.34854481466174","A"
"2006","S1","B1GQ","ACPP","4.13432259336353","A"
"2006","S1","P3","MCHF","366502.072778463","A"
"2006","S1","P3","AC","2.76521830865904","A"
"2006","S1","P3","ACPP","1.32309962521264","A"
"2006","S1","P5","MCHF","158547.922873125","A"
"2006","S1","P5","AC","9.23471285070858","A"
"2006","S1","P5","ACPP","4.23208696701695","A"
"2006","S1","P51G","MCHF","152165.353631106","A"
"2006","S1","P51G","AC","5.58192354964839","A"
"2006","S1","P51G","ACPP","4.67402083748375","A"
"2006","S1","P5111_N113T117G","MCHF","101846.003602166","A"
"2006","S1","P5111_N113T117G","AC","7.65267290285127","A"
"2006","S1","P5111_N113T117G","ACPP","7.8600130028454","A"
"2006","S1","P5111_N111_112G","MCHF","50319.3500289406","A"
"2006","S1","P5111_N111_112G","AC","1.62539825177669","A"
"2006","S1","P5111_N111_112G","ACPP","-1.41336901565182","A"
"2006","S1","P52","MCHF","1719.04766472498","A"
"2006","S1","P52","AC","601.738585580254","A"
"2006","S1","P52","ACPP","-943.485101517644","A"
"2006","S1","P53","MCHF","4663.521577294","A"
"2006","S1","P53","AC","241.340938462842","A"
"2006","S1","P53","ACPP","193.155112771565","A"
"2006","S13","P3","MCHF","62563.20100418","A"
"2006","S13","P3","AC","1.1891587754909","A"
"2006","S13","P3","ACPP","-0.196642383533069","A"
"2006","S14_S15","P3","MCHF","303938.871774283","A"
"2006","S14_S15","P3","AC","3.09574923893389","A"
"2006","S14_S15","P3","ACPP","1.64181965409296","A"
"2006","S2","P7","MCHF","278720.58293454","A"
"2006","S2","P7","AC","9.17241466069187","A"
"2006","S2","P7","ACPP","3.18333962363165","A"
"2006","S2","P71","MCHF","197894.3450315","A"
"2006","S2","P71","AC","11.1862550112581","A"
"2006","S2","P71","ACPP","3.65361979136649","A"
"2006","S2","P71XF11","MCHF","173742.063121919","A"
"2006","S2","P71XF11","AC","12.5995455672308","A"
"2006","S2","P71XF11","ACPP","8.04960166237806","A"
"2006","S2","P72","MCHF","80826.2379030401","A"
"2006","S2","P72","AC","4.53662799171133","A"
"2006","S2","P72","ACPP","2.10077191579027","A"
"2006","S2","P6","MCHF","315830.22573388","A"
"2006","S2","P6","AC","11.9489677251749","A"
"2006","S2","P6","ACPP","6.77722887106408","A"
"2006","S2","P61","MCHF","220940.698001898","A"
"2006","S2","P61","AC","13.6588528493216","A"
"2006","S2","P61","ACPP","7.51036907265062","A"
"2006","S2","P61XF11","MCHF","197537.700186898","A"
"2006","S2","P61XF11","AC","16.3375089976005","A"
"2006","S2","P61XF11","ACPP","12.9334444750313","A"
"2006","S2","P62","MCHF","94889.5277319828","A"
"2006","S2","P62","AC","8.16027920684787","A"
"2006","S2","P62","ACPP","5.15276894399086","A"
"2007","S1","B1GQ","MCHF","598992.212166471","A"
"2007","S1","B1GQ","AC","6.5519776227689","A"
"2007","S1","B1GQ","ACPP","3.98319373655492","A"
"2007","S1","P3","MCHF","379434.756487773","A"
"2007","S1","P3","AC","3.52867955459742","A"
"2007","S1","P3","ACPP","1.79912594644201","A"
"2007","S1","P5","MCHF","162897.330959472","A"
"2007","S1","P5","AC","2.74327661159427","A"
"2007","S1","P5","ACPP","-2.51551502904738","A"
"2007","S1","P51G","MCHF","163113.23377112","A"
"2007","S1","P51G","AC","7.19472592069463","A"
"2007","S1","P51G","ACPP","5.24588346699856","A"
"2007","S1","P5111_N113T117G","MCHF","111966.414183554","A"
"2007","S1","P5111_N113T117G","AC","9.9369736891408","A"
"2007","S1","P5111_N113T117G","ACPP","8.95376467317338","A"
"2007","S1","P5111_N111_112G","MCHF","51146.8195875659","A"
"2007","S1","P5111_N111_112G","AC","1.6444361029095","A"
"2007","S1","P5111_N111_112G","ACPP","-2.25884150387822","A"
"2007","S1","P52","MCHF","1967.723872678","A"
"2007","S1","P52","AC","14.4659286101187","A"
"2007","S1","P52","ACPP","-318.914999801515","A"
"2007","S1","P53","MCHF","-2183.62668432593","A"
"2007","S1","P53","AC","-146.823557008028","A"
"2007","S1","P53","ACPP","-139.131190724956","A"
"2007","S13","P3","MCHF","64208.42701456","A"
"2007","S13","P3","AC","2.62970241927053","A"
"2007","S13","P3","ACPP","0.832901549693036","A"
"2007","S14_S15","P3","MCHF","315226.329473213","A"
"2007","S14_S15","P3","AC","3.71372626115159","A"
"2007","S14_S15","P3","ACPP","1.99801492301833","A"
"2007","S2","P7","MCHF","309231.914431643","A"
"2007","S2","P7","AC","10.9469243985718","A"
"2007","S2","P7","ACPP","5.79017217887162","A"
"2007","S2","P71","MCHF","219838.123054872","A"
"2007","S2","P71","AC","11.088633189533","A"
"2007","S2","P71","ACPP","5.77042177257597","A"
"2007","S2","P71XF11","MCHF","189807.814156631","A"
"2007","S2","P71XF11","AC","9.24689781278726","A"
"2007","S2","P71XF11","ACPP","4.78598460256946","A"
"2007","S2","P72","MCHF","89393.7913767712","A"
"2007","S2","P72","AC","10.5999656745237","A"
"2007","S2","P72","ACPP","5.83852892315901","A"
"2007","S2","P6","MCHF","365892.039150869","A"
"2007","S2","P6","AC","15.8508620575065","A"
"2007","S2","P6","ACPP","11.3747099464961","A"
"2007","S2","P61","MCHF","254802.437274678","A"
"2007","S2","P61","AC","15.3261665139166","A"
"2007","S2","P61","ACPP","10.8252731021082","A"
"2007","S2","P61XF11","MCHF","221682.071892678","A"
"2007","S2","P61XF11","AC","12.2226651838796","A"
"2007","S2","P61XF11","ACPP","8.73684149314613","A"
"2007","S2","P62","MCHF","111089.601876191","A"
"2007","S2","P62","AC","17.0725627278553","A"
"2007","S2","P62","ACPP","12.654018241189","A"
"2008","S1","B1GQ","MCHF","622461.843394655","A"
"2008","S1","B1GQ","AC","3.91818637228976","A"
"2008","S1","B1GQ","ACPP","2.53159628957336","A"
"2008","S1","P3","MCHF","393110.611373829","A"
"2008","S1","P3","AC","3.60427047133123","A"
"2008","S1","P3","ACPP","1.37577392516847","A"
"2008","S1","P5","MCHF","172032.434601804","A"
"2008","S1","P5","AC","5.60789031258234","A"
"2008","S1","P5","ACPP","4.62444205484907","A"
"2008","S1","P51G","MCHF","167428.887259963","A"
"2008","S1","P51G","AC","2.64580217623435","A"
"2008","S1","P51G","ACPP","0.587617590427685","A"
"2008","S1","P5111_N113T117G","MCHF","114334.792407125","A"
"2008","S1","P5111_N113T117G","AC","2.11525772334534","A"
"2008","S1","P5111_N113T117G","ACPP","0.836457567466065","A"
"2008","S1","P5111_N111_112G","MCHF","53094.094852838","A"
"2008","S1","P5111_N111_112G","AC","3.80722649223228","A"
"2008","S1","P5111_N111_112G","ACPP","0.0428775624224852","A"
"2008","S1","P52","MCHF","-2338.59650160326","A"
"2008","S1","P52","AC","-218.847798416986","A"
"2008","S1","P52","ACPP","-86.6648084146258","A"
"2008","S1","P53","MCHF","6942.14384344427","A"
"2008","S1","P53","AC","417.918071494315","A"
"2008","S1","P53","ACPP","379.182705953384","A"
"2008","S13","P3","MCHF","67708.60995714","A"
"2008","S13","P3","AC","5.45128280714039","A"
"2008","S13","P3","ACPP","0.54376394649655","A"
"2008","S14_S15","P3","MCHF","325402.001416689","A"
"2008","S14_S15","P3","AC","3.22805266948395","A"
"2008","S14_S15","P3","ACPP","1.54524597428383","A"
"2008","S2","P7","MCHF","333434.877277929","A"
"2008","S2","P7","AC","7.82679979547714","A"
"2008","S2","P7","ACPP","4.31782108209786","A"
"2008","S2","P71","MCHF","243660.910429572","A"
"2008","S2","P71","AC","10.8365132687899","A"
"2008","S2","P71","ACPP","6.22261008846674","A"
"2008","S2","P71XF11","MCHF","194675.985686423","A"
"2008","S2","P71XF11","AC","2.56478983830178","A"
"2008","S2","P71XF11","ACPP","-0.0335802428408481","A"
"2008","S2","P72","MCHF","89773.9668483573","A"
"2008","S2","P72","AC","0.425281740186814","A"
"2008","S2","P72","ACPP","-0.366455460226976","A"
"2008","S2","P6","MCHF","390753.674696951","A"
"2008","S2","P6","AC","6.79480089366754","A"
"2008","S2","P6","ACPP","4.30807085243606","A"
"2008","S2","P61","MCHF","281459.213398719","A"
"2008","S2","P61","AC","10.4617429916123","A"
"2008","S2","P61","ACPP","5.86164520606811","A"
"2008","S2","P61XF11","MCHF","238425.612833719","A"
"2008","S2","P61XF11","AC","7.55295220677432","A"
"2008","S2","P61XF11","ACPP","4.32822970671749","A"
"2008","S2","P62","MCHF","109294.461298232","A"
"2008","S2","P62","AC","-1.61593933873312","A"
"2008","S2","P62","ACPP","0.744690255986939","A"
"2009","S1","B1GQ","MCHF","613317.965337715","A"
"2009","S1","B1GQ","AC","-1.46898611601203","A"
"2009","S1","B1GQ","ACPP","-1.93490949488661","A"
"2009","S1","P3","MCHF","399098.161820765","A"
"2009","S1","P3","AC","1.52312104372115","A"
"2009","S1","P3","ACPP","1.58309685501149","A"
"2009","S1","P5","MCHF","176456.432839132","A"
"2009","S1","P5","AC","2.57160706210354","A"
"2009","S1","P5","ACPP","3.15702333670256","A"
"2009","S1","P51G","MCHF","155611.880344689","A"
"2009","S1","P51G","AC","-7.05792597004207","A"
"2009","S1","P51G","ACPP","-6.69924563251797","A"
"2009","S1","P5111_N113T117G","MCHF","101464.810940714","A"
"2009","S1","P5111_N113T117G","AC","-11.2563999071984","A"
"2009","S1","P5111_N113T117G","ACPP","-11.1930135997005","A"
"2009","S1","P5111_N111_112G","MCHF","54147.0694039756","A"
"2009","S1","P5111_N111_112G","AC","1.98322347156712","A"
"2009","S1","P5111_N111_112G","ACPP","2.97780092186243","A"
"2009","S1","P52","MCHF","-2367.45893621929","A"
"2009","S1","P52","AC","-1.23417761876601","A"
"2009","S1","P52","ACPP","96.1874230445485","A"
"2009","S1","P53","MCHF","23212.0114306623","A"
"2009","S1","P53","AC","234.363734807689","A"
"2009","S1","P53","ACPP","207.401937194193","A"
"2009","S13","P3","MCHF","71457.9121373","A"
"2009","S13","P3","AC","5.53740828903936","A"
"2009","S13","P3","ACPP","2.33190195204956","A"
"2009","S14_S15","P3","MCHF","327640.249683465","A"
"2009","S14_S15","P3","AC","0.687840965031272","A"
"2009","S14_S15","P3","ACPP","1.42728788017872","A"
"2009","S2","P7","MCHF","315568.976773685","A"
"2009","S2","P7","AC","-5.35813789190151","A"
"2009","S2","P7","ACPP","-2.59536183640065","A"
"2009","S2","P71","MCHF","222047.486486277","A"
"2009","S2","P71","AC","-8.87028777212984","A"
"2009","S2","P71","ACPP","-5.62181322086965","A"
"2009","S2","P71XF11","MCHF","166026.561065604","A"
"2009","S2","P71XF11","AC","-14.7164656800382","A"
"2009","S2","P71XF11","ACPP","-7.4209124147446","A"
"2009","S2","P72","MCHF","93521.4902874078","A"
"2009","S2","P72","AC","4.17439884925734","A"
"2009","S2","P72","ACPP","5.61891147243269","A"
"2009","S2","P6","MCHF","353332.347451503","A"
"2009","S2","P6","AC","-9.57670513897797","A"
"2009","S2","P6","ACPP","-8.27947190043746","A"
"2009","S2","P61","MCHF","245540.709269412","A"
"2009","S2","P61","AC","-12.7615307722844","A"
"2009","S2","P61","ACPP","-10.3995585636643","A"
"2009","S2","P61XF11","MCHF","210828.510864412","A"
"2009","S2","P61XF11","AC","-11.574722044881","A"
"2009","S2","P61XF11","ACPP","-7.13811968553121","A"
"2009","S2","P62","MCHF","107791.638182091","A"
"2009","S2","P62","AC","-1.37502220907632","A"
"2009","S2","P62","ACPP","-2.81974487053186","A"
"2010","S1","B1GQ","MCHF","636172.019983406","A"
"2010","S1","B1GQ","AC","3.72629792983588","A"
"2010","S1","B1GQ","ACPP","3.26063079638185","A"
"2010","S1","P3","MCHF","407868.592577897","A"
"2010","S1","P3","AC","2.19756230324887","A"
"2010","S1","P3","ACPP","1.63929125005025","A"
"2010","S1","P5","MCHF","167675.368406852","A"
"2010","S1","P5","AC","-4.97633568297606","A"
"2010","S1","P5","ACPP","-3.22648059714156","A"
"2010","S1","P51G","MCHF","161385.88441669","A"
"2010","S1","P51G","AC","3.71051622743131","A"
"2010","S1","P51G","ACPP","3.85596379066446","A"
"2010","S1","P5111_N113T117G","MCHF","105122.448064405","A"
"2010","S1","P5111_N113T117G","AC","3.60483313355622","A"
"2010","S1","P5111_N113T117G","ACPP","4.03247429215936","A"
"2010","S1","P5111_N111_112G","MCHF","56263.4363522853","A"
"2010","S1","P5111_N111_112G","AC","3.90855307887502","A"
"2010","S1","P5111_N111_112G","ACPP","3.5252052683591","A"
"2010","S1","P52","MCHF","333.981531459738","A"
"2010","S1","P52","AC","114.107173153047","A"
"2010","S1","P52","ACPP","256.981696586591","A"
"2010","S1","P53","MCHF","5955.50245870213","A"
"2010","S1","P53","AC","-74.3430142773619","A"
"2010","S1","P53","ACPP","-76.5879618895483","A"
"2010","S13","P3","MCHF","72594.27505723","A"
"2010","S13","P3","AC","1.59025485903728","A"
"2010","S13","P3","ACPP","-0.201463311231468","A"
"2010","S14_S15","P3","MCHF","335274.317520667","A"
"2010","S14_S15","P3","AC","2.33001526661564","A"
"2010","S14_S15","P3","ACPP","2.04075742471434","A"
"2010","S2","P7","MCHF","348852.320584567","A"
"2010","S2","P7","AC","10.5470899424792","A"
"2010","S2","P7","ACPP","7.98045447029534","A"
"2010","S2","P71","MCHF","252349.465551805","A"
"2010","S2","P71","AC","13.6466210651749","A"
"2010","S2","P71","ACPP","8.40326605039891","A"
"2010","S2","P71XF11","MCHF","181751.324260431","A"
"2010","S2","P71XF11","AC","9.47123345439469","A"
"2010","S2","P71XF11","ACPP","9.6493028101274","A"
"2010","S2","P72","MCHF","96502.855032762","A"
"2010","S2","P72","AC","3.1878926824112","A"
"2010","S2","P72","ACPP","6.97657559357123","A"
"2010","S2","P6","MCHF","409480.379583224","A"
"2010","S2","P6","AC","15.8909968296712","A"
"2010","S2","P6","ACPP","12.5470607526397","A"
"2010","S2","P61","MCHF","302684.951732925","A"
"2010","S2","P61","AC","23.2728180323098","A"
"2010","S2","P61","ACPP","17.4696339898372","A"
"2010","S2","P61XF11","MCHF","238592.680070925","A"
"2010","S2","P61XF11","AC","13.1690771294063","A"
"2010","S2","P61XF11","ACPP","11.5435313651025","A"
"2010","S2","P62","MCHF","106795.427850299","A"
"2010","S2","P62","AC","-0.924200010866507","A"
"2010","S2","P62","ACPP","1.33383359998931","A"
"2011","S1","B1GQ","MCHF","645812.258034827","A"
"2011","S1","B1GQ","AC","1.51535084043347","A"
"2011","S1","B1GQ","ACPP","1.40766061343347","A"
"2011","S1","P3","MCHF","412671.327943887","A"
"2011","S1","P3","AC","1.17752027329076","A"
"2011","S1","P3","ACPP","1.36427728289347","A"
"2011","S1","P5","MCHF","185633.065642304","A"
"2011","S1","P5","AC","10.7098003756159","A"
"2011","S1","P5","ACPP","11.5362864739603","A"
"2011","S1","P51G","MCHF","165408.105556048","A"
"2011","S1","P51G","AC","2.49230045979309","A"
"2011","S1","P51G","ACPP","2.19079383501459","A"
"2011","S1","P5111_N113T117G","MCHF","106427.218722205","A"
"2011","S1","P5111_N113T117G","AC","1.24119127914649","A"
"2011","S1","P5111_N113T117G","ACPP","1.99605959582076","A"
"2011","S1","P5111_N111_112G","MCHF","58980.8868338429","A"
"2011","S1","P5111_N111_112G","AC","4.82986937474404","A"
"2011","S1","P5111_N111_112G","ACPP","2.55463474614989","A"
"2011","S1","P52","MCHF","3083.03199203177","A"
"2011","S1","P52","AC","823.114514313625","A"
"2011","S1","P52","ACPP","1674.17508824424","A"
"2011","S1","P53","MCHF","17141.9280942242","A"
"2011","S1","P53","AC","187.833448362977","A"
"2011","S1","P53","ACPP","171.546285323658","A"
"2011","S13","P3","MCHF","74276.861302","A"
"2011","S13","P3","AC","2.31779467932359","A"
"2011","S13","P3","ACPP","0.684318019552081","A"
"2011","S14_S15","P3","MCHF","338394.466641887","A"
"2011","S14_S15","P3","AC","0.930625746789587","A"
"2011","S14_S15","P3","ACPP","1.51150344132915","A"
"2011","S2","P7","MCHF","380031.68156495","A"
"2011","S2","P7","AC","8.93769630889551","A"
"2011","S2","P7","ACPP","9.40847792855042","A"
"2011","S2","P71","MCHF","280125.167941142","A"
"2011","S2","P71","AC","11.0068401883081","A"
"2011","S2","P71","ACPP","9.81406932276496","A"
"2011","S2","P71XF11","MCHF","184567.153052042","A"
"2011","S2","P71XF11","AC","1.54927552966638","A"
"2011","S2","P71XF11","ACPP","4.21418930064089","A"
"2011","S2","P72","MCHF","99906.5136238083","A"
"2011","S2","P72","AC","3.52700299891724","A"
"2011","S2","P72","ACPP","8.34787955011171","A"
"2011","S2","P6","MCHF","427539.546013586","A"
"2011","S2","P6","AC","4.4102641618002","A"
"2011","S2","P6","ACPP","4.11957885828763","A"
"2011","S2","P61","MCHF","321486.579954246","A"
"2011","S2","P61","AC","6.2116164393632","A"
"2011","S2","P61","ACPP","6.07580261710262","A"
"2011","S2","P61XF11","MCHF","243229.624630246","A"
"2011","S2","P61XF11","AC","1.94345633652404","A"
"2011","S2","P61XF11","ACPP","4.45730462980594","A"
"2011","S2","P62","MCHF","106052.96605934","A"
"2011","S2","P62","AC","-0.695218705429361","A"
"2011","S2","P62","ACPP","-1.42484851968705","A"
"2012","S1","B1GQ","MCHF","654393.623955498","A"
"2012","S1","B1GQ","AC","1.32877098783839","A"
"2012","S1","B1GQ","ACPP","1.1241358906503","A"
"2012","S1","P3","MCHF","418188.797659572","A"
"2012","S1","P3","AC","1.33701310027418","A"
"2012","S1","P3","ACPP","1.94645216660213","A"
"2012","S1","P5","MCHF","177360.44143078","A"
"2012","S1","P5","AC","-4.45643893392599","A"
"2012","S1","P5","ACPP","-5.75528879081259","A"
"2012","S1","P51G","MCHF","171150.294126883","A"
"2012","S1","P51G","AC","3.47152792272879","A"
"2012","S1","P51G","ACPP","3.99735852705305","A"
"2012","S1","P5111_N113T117G","MCHF","110206.912061043","A"
"2012","S1","P5111_N113T117G","AC","3.55143485305485","A"
"2012","S1","P5111_N113T117G","ACPP","4.59352512624742","A"
"2012","S1","P5111_N111_112G","MCHF","60943.3820658405","A"
"2012","S1","P5111_N111_112G","AC","3.32734100374962","A"
"2012","S1","P5111_N111_112G","ACPP","2.92161422320639","A"
"2012","S1","P52","MCHF","2919.83040933086","A"
"2012","S1","P52","AC","-5.29354165388848","A"
"2012","S1","P52","ACPP","-94.2189882325764","A"
"2012","S1","P53","MCHF","3290.31689456613","A"
"2012","S1","P53","AC","-80.8054445422929","A"
"2012","S1","P53","ACPP","-83.9513058388384","A"
"2012","S13","P3","MCHF","75270.24738803","A"
"2012","S13","P3","AC","1.33740988595494","A"
"2012","S13","P3","ACPP","0.138596796585853","A"
"2012","S14_S15","P3","MCHF","342918.550271542","A"
"2012","S14_S15","P3","AC","1.33692600666632","A"
"2012","S14_S15","P3","ACPP","2.34327255171464","A"
"2012","S2","P7","MCHF","382407.15250133","A"
"2012","S2","P7","AC","0.625071816801779","A"
"2012","S2","P7","ACPP","-2.18196609681412","A"
"2012","S2","P71","MCHF","273644.817559895","A"
"2012","S2","P71","AC","-2.31337670544771","A"
"2012","S2","P71","ACPP","-5.98449332965837","A"
"2012","S2","P71XF11","MCHF","186633.34349899","A"
"2012","S2","P71XF11","AC","1.11947896079074","A"
"2012","S2","P71XF11","ACPP","0.814254045650817","A"
"2012","S2","P72","MCHF","108762.334941435","A"
"2012","S2","P72","AC","8.86410805102565","A"
"2012","S2","P72","ACPP","8.47983703358176","A"
"2012","S2","P6","MCHF","441251.537366476","A"
"2012","S2","P6","AC","3.20718667565185","A"
"2012","S2","P6","ACPP","0.378658292601729","A"
"2012","S2","P61","MCHF","324014.735292624","A"
"2012","S2","P61","AC","0.786395294863692","A"
"2012","S2","P61","ACPP","-2.80708992180607","A"
"2012","S2","P61XF11","MCHF","242864.057551624","A"
"2012","S2","P61XF11","AC","-0.150297102656521","A"
"2012","S2","P61XF11","ACPP","-1.12897636310044","A"
"2012","S2","P62","MCHF","117236.802073852","A"
"2012","S2","P62","AC","10.5455193099022","A"
"2012","S2","P62","ACPP","10.0358638956232","A"
"2013","S1","B1GQ","MCHF","666210.44413731","A"
"2013","S1","B1GQ","AC","1.80576639949295","A"
"2013","S1","B1GQ","ACPP","1.83612390644172","A"
"2013","S1","P3","MCHF","426295.583634028","A"
"2013","S1","P3","AC","1.93854690030579","A"
"2013","S1","P3","ACPP","2.26230661576954","A"
"2013","S1","P5","MCHF","171448.022583704","A"
"2013","S1","P5","AC","-3.33356119289082","A"
"2013","S1","P5","ACPP","-7.54370590039489","A"
"2013","S1","P51G","MCHF","174229.818447847","A"
"2013","S1","P51G","AC","1.79930997879598","A"
"2013","S1","P51G","ACPP","1.35049540501069","A"
"2013","S1","P5111_N113T117G","MCHF","111017.197522021","A"
"2013","S1","P5111_N113T117G","AC","0.735240145853767","A"
"2013","S1","P5111_N113T117G","ACPP","0.385729220475374","A"
"2013","S1","P5111_N111_112G","MCHF","63212.6209258256","A"
"2013","S1","P5111_N111_112G","AC","3.72351973760424","A"
"2013","S1","P5111_N111_112G","ACPP","3.095129497416","A"
"2013","S1","P52","MCHF","11482.0766916646","A"
"2013","S1","P52","AC","293.244643763264","A"
"2013","S1","P52","ACPP","161.877673106847","A"
"2013","S1","P53","MCHF","-14263.8725558076","A"
"2013","S1","P53","AC","-533.510601345542","A"
"2013","S1","P53","ACPP","-620.532341490749","A"
"2013","S13","P3","MCHF","76998.06214375","A"
"2013","S13","P3","AC","2.29548170183744","A"
"2013","S13","P3","ACPP","1.69876168053379","A"
"2013","S14_S15","P3","MCHF","349297.521490278","A"
"2013","S14_S15","P3","AC","1.86020010106903","A"
"2013","S14_S15","P3","ACPP","2.38600411377856","A"
"2013","S2","P7","MCHF","408132.098628353","A"
"2013","S2","P7","AC","6.72710904039188","A"
"2013","S2","P7","ACPP","11.8411236563037","A"
"2013","S2","P71","MCHF","295711.30791251","A"
"2013","S2","P71","AC","8.06391677700411","A"
"2013","S2","P71","ACPP","16.1656638900204","A"
"2013","S2","P71XF11","MCHF","187698.355250237","A"
"2013","S2","P71XF11","AC","0.570643879212692","A"
"2013","S2","P71XF11","ACPP","0.157546233970443","A"
"2013","S2","P72","MCHF","112420.790715843","A"
"2013","S2","P72","AC","3.36371573521063","A"
"2013","S2","P72","ACPP","0.960628823942565","A"
"2013","S2","P6","MCHF","476598.936547931","A"
"2013","S2","P6","AC","8.01071411386331","A"
"2013","S2","P6","ACPP","13.8731797252387","A"
"2013","S2","P61","MCHF","358158.890080083","A"
"2013","S2","P61","AC","10.5378401252716","A"
"2013","S2","P61","ACPP","18.5727574309716","A"
"2013","S2","P61XF11","MCHF","238374.951539083","A"
"2013","S2","P61XF11","AC","-1.8484027887029","A"
"2013","S2","P61XF11","ACPP","-1.6193455638429","A"
"2013","S2","P62","MCHF","118440.046467848","A"
"2013","S2","P62","AC","1.0263367583486","A"
"2013","S2","P62","ACPP","0.884660767250388","A"
"2014","S1","B1GQ","MCHF","679021.949211798","A"
"2014","S1","B1GQ","AC","1.92304176363936","A"
"2014","S1","B1GQ","ACPP","2.54342348024899","A"
"2014","S1","P3","MCHF","430744.048959509","A"
"2014","S1","P3","AC","1.04351663405911","A"
"2014","S1","P3","ACPP","1.12174820471097","A"
"2014","S1","P5","MCHF","178794.389067946","A"
"2014","S1","P5","AC","4.28489426330694","A"
"2014","S1","P5","ACPP","4.46027265916309","A"
"2014","S1","P51G","MCHF","178742.795221351","A"
"2014","S1","P51G","AC","2.59024362976945","A"
"2014","S1","P51G","ACPP","2.6205770381018","A"
"2014","S1","P5111_N113T117G","MCHF","113482.77893102","A"
"2014","S1","P5111_N113T117G","AC","2.22090042266595","A"
"2014","S1","P5111_N113T117G","ACPP","2.29232834615802","A"
"2014","S1","P5111_N111_112G","MCHF","65260.0162903314","A"
"2014","S1","P5111_N111_112G","AC","3.23890282433978","A"
"2014","S1","P5111_N111_112G","ACPP","3.197063969606","A"
"2014","S1","P52","MCHF","6839.48295923424","A"
"2014","S1","P52","AC","-40.4333976953894","A"
"2014","S1","P52","ACPP","-30.8656015320568","A"
"2014","S1","P53","MCHF","-6787.88911263915","A"
"2014","S1","P53","AC","52.4120179419619","A"
"2014","S1","P53","ACPP","46.4476576998217","A"
"2014","S13","P3","MCHF","78798.31276094","A"
"2014","S13","P3","AC","2.33804665606918","A"
"2014","S13","P3","ACPP","2.11310506664681","A"
"2014","S14_S15","P3","MCHF","351945.736198569","A"
"2014","S14_S15","P3","AC","0.758154451538007","A"
"2014","S14_S15","P3","ACPP","0.903216573177209","A"
"2014","S2","P7","MCHF","370058.981407909","A"
"2014","S2","P7","AC","-9.32862603759888","A"
"2014","S2","P7","ACPP","-6.6184016291695","A"
"2014","S2","P71","MCHF","249851.399800957","A"
"2014","S2","P71","AC","-15.5083376538042","A"
"2014","S2","P71","ACPP","-11.6861990542553","A"
"2014","S2","P71XF11","MCHF","187340.065763771","A"
"2014","S2","P71XF11","AC","-0.190885789056837","A"
"2014","S2","P71XF11","ACPP","1.69820466933837","A"
"2014","S2","P72","MCHF","120207.581606952","A"
"2014","S2","P72","AC","6.92646870879185","A"
"2014","S2","P72","ACPP","6.71191739158589","A"
"2014","S2","P6","MCHF","439542.492592252","A"
"2014","S2","P6","AC","-7.77518393643164","A"
"2014","S2","P6","ACPP","-4.72017019085683","A"
"2014","S2","P61","MCHF","316162.447697697","A"
"2014","S2","P61","AC","-11.7256456688806","A"
"2014","S2","P61","ACPP","-7.96426651243279","A"
"2014","S2","P61XF11","MCHF","249776.108556697","A"
"2014","S2","P61XF11","AC","4.78286705209649","A"
"2014","S2","P61XF11","ACPP","6.95154079054242","A"
"2014","S2","P62","MCHF","123380.044894556","A"
"2014","S2","P62","AC","4.17088524872242","A"
"2014","S2","P62","ACPP","5.08987271691876","A"
"2015","S1","B1GQ","MCHF","679632.739685885","A"
"2015","S1","B1GQ","AC","0.0899515066922357","A"
"2015","S1","B1GQ","ACPP","1.45450324905855","A"
"2015","S1","P3","MCHF","434420.134862148","A"
"2015","S1","P3","AC","0.853426973981152","A"
"2015","S1","P3","ACPP","2.12331302990651","A"
"2015","S1","P5","MCHF","176303.580076286","A"
"2015","S1","P5","AC","-1.39311362322065","A"
"2015","S1","P5","ACPP","0.782996345284502","A"
"2015","S1","P51G","MCHF","180061.749604169","A"
"2015","S1","P51G","AC","0.737906320187638","A"
"2015","S1","P51G","ACPP","2.48541174579452","A"
"2015","S1","P5111_N113T117G","MCHF","114028.320318656","A"
"2015","S1","P5111_N113T117G","AC","0.480726144332266","A"
"2015","S1","P5111_N113T117G","ACPP","2.98311398540038","A"
"2015","S1","P5111_N111_112G","MCHF","66033.4292855136","A"
"2015","S1","P5111_N111_112G","AC","1.1851253480254","A"
"2015","S1","P5111_N111_112G","ACPP","1.61994102664248","A"
"2015","S1","P52","MCHF","-2107.010749115","A"
"2015","S1","P52","AC","-130.806579410659","A"
"2015","S1","P52","ACPP","-119.291611561462","A"
"2015","S1","P53","MCHF","-1651.15877876802","A"
"2015","S1","P53","AC","75.6749299912172","A"
"2015","S1","P53","ACPP","75.375252371141","A"
"2015","S13","P3","MCHF","79461.42723106","A"
"2015","S13","P3","AC","0.841533843664605","A"
"2015","S13","P3","ACPP","1.00766870504436","A"
"2015","S14_S15","P3","MCHF","354958.707631088","A"
"2015","S14_S15","P3","AC","0.856089766866533","A"
"2015","S14_S15","P3","ACPP","2.37309838429095","A"
"2015","S2","P7","MCHF","360989.865264369","A"
"2015","S2","P7","AC","-2.45072180359902","A"
"2015","S2","P7","ACPP","4.75865499820606","A"
"2015","S2","P71","MCHF","239248.765829471","A"
"2015","S2","P71","AC","-4.24357597353174","A"
"2015","S2","P71","ACPP","2.63288783334787","A"
"2015","S2","P71XF11","MCHF","172839.400290391","A"
"2015","S2","P71XF11","AC","-7.74029058560554","A"
"2015","S2","P71XF11","ACPP","-0.00867873182635121","A"
"2015","S2","P72","MCHF","121741.099434898","A"
"2015","S2","P72","AC","1.27572471506856","A"
"2015","S2","P72","ACPP","9.17706101462006","A"
"2015","S2","P6","MCHF","429898.89001182","A"
"2015","S2","P6","AC","-2.19400916702222","A"
"2015","S2","P6","ACPP","3.85405933774385","A"
"2015","S2","P61","MCHF","306777.213165475","A"
"2015","S2","P61","AC","-2.9684849040628","A"
"2015","S2","P61","ACPP","4.09979924523967","A"
"2015","S2","P61XF11","MCHF","239650.978466475","A"
"2015","S2","P61XF11","AC","-4.0536823752794","A"
"2015","S2","P61XF11","ACPP","3.77152040148495","A"
"2015","S2","P62","MCHF","123121.676846345","A"
"2015","S2","P62","AC","-0.209408294859343","A"
"2015","S2","P62","ACPP","3.22434866842708","A"
"2016","S1","B1GQ","MCHF","688404.189284969","A"
"2016","S1","B1GQ","AC","1.29061610585997","A"
"2016","S1","B1GQ","ACPP","1.91159106265889","A"
"2016","S1","P3","MCHF","439519.277800849","A"
"2016","S1","P3","AC","1.17378144554001","A"
"2016","S1","P3","ACPP","1.21081262748525","A"
"2016","S1","P5","MCHF","183260.394428723","A"
"2016","S1","P5","AC","3.94592914643369","A"
"2016","S1","P5","ACPP","0.798535076420093","A"
"2016","S1","P51G","MCHF","184038.776730655","A"
"2016","S1","P51G","AC","2.2087018121439","A"
"2016","S1","P51G","ACPP","3.03192400628273","A"
"2016","S1","P5111_N113T117G","MCHF","118481.140628949","A"
"2016","S1","P5111_N113T117G","AC","3.90501263006365","A"
"2016","S1","P5111_N113T117G","ACPP","4.8807824410363","A"
"2016","S1","P5111_N111_112G","MCHF","65557.6361017059","A"
"2016","S1","P5111_N111_112G","AC","-0.720533809853314","A"
"2016","S1","P5111_N111_112G","ACPP","-0.160734986337283","A"
"2016","S1","P52","MCHF","-2552.91234489984","A"
"2016","S1","P52","AC","-21.1627584706028","A"
"2016","S1","P52","ACPP","-360.469263019674","A"
"2016","S1","P53","MCHF","1774.53004296779","A"
"2016","S1","P53","AC","207.471798944244","A"
"2016","S1","P53","ACPP","214.615134544251","A"
"2016","S13","P3","MCHF","80599.61742626","A"
"2016","S13","P3","AC","1.43238075990044","A"
"2016","S13","P3","ACPP","0.73831581532679","A"
"2016","S14_S15","P3","MCHF","358919.660374589","A"
"2016","S14_S15","P3","AC","1.11589113278451","A"
"2016","S14_S15","P3","ACPP","1.31658625762608","A"
"2016","S2","P7","MCHF","390355.768936259","A"
"2016","S2","P7","AC","8.13482773273518","A"
"2016","S2","P7","ACPP","5.23295683036884","A"
"2016","S2","P71","MCHF","261388.088971097","A"
"2016","S2","P71","AC","9.25368332198883","A"
"2016","S2","P71","ACPP","5.55372875029321","A"
"2016","S2","P71XF11","MCHF","181165.04400117","A"
"2016","S2","P71XF11","AC","4.81698252643262","A"
"2016","S2","P71XF11","ACPP","4.36624299061859","A"
"2016","S2","P72","MCHF","128967.679965162","A"
"2016","S2","P72","AC","5.93602371245863","A"
"2016","S2","P72","ACPP","4.60256753447047","A"
"2016","S2","P6","MCHF","455980.285991656","A"
"2016","S2","P6","AC","6.06686748577515","A"
"2016","S2","P6","ACPP","5.86518907834191","A"
"2016","S2","P61","MCHF","329075.663829555","A"
"2016","S2","P61","AC","7.2686137389391","A"
"2016","S2","P61","ACPP","6.53532391221346","A"
"2016","S2","P61XF11","MCHF","249916.643895555","A"
"2016","S2","P61XF11","AC","4.2835900336273","A"
"2016","S2","P61XF11","ACPP","6.67010229986484","A"
"2016","S2","P62","MCHF","126904.622162101","A"
"2016","S2","P62","AC","3.07252582376396","A"
"2016","S2","P62","ACPP","4.195441702851","A"
"2017","S1","B1GQ","MCHF","695842.649828425","A"
"2017","S1","B1GQ","AC","1.08053679208185","A"
"2017","S1","B1GQ","ACPP","1.42034612657896","A"
"2017","S1","P3","MCHF","448679.280364852","A"
"2017","S1","P3","AC","2.08409574429486","A"
"2017","S1","P3","ACPP","1.44565792115848","A"
"2017","S1","P5","MCHF","189155.684623994","A"
"2017","S1","P5","AC","3.21689266993492","A"
"2017","S1","P5","ACPP","2.7274108073773","A"
"2017","S1","P51G","MCHF","191464.137747651","A"
"2017","S1","P51G","AC","4.03467201255282","A"
"2017","S1","P51G","ACPP","4.110629817107","A"
"2017","S1","P5111_N113T117G","MCHF","125335.024747651","A"
"2017","S1","P5111_N113T117G","AC","5.78478910847657","A"
"2017","S1","P5111_N113T117G","ACPP","5.56853502338956","A"
"2017","S1","P5111_N111_112G","MCHF","66129.113","A"
"2017","S1","P5111_N111_112G","AC","0.871716755325802","A"
"2017","S1","P5111_N111_112G","ACPP","1.47578387023274","A"
"2017","S1","P52","MCHF","-4166.80533778536","A"
"2017","S1","P52","AC","-63.2177205813477","A"
"2017","S1","P52","ACPP","-97.3141035801893","A"
"2017","S1","P53","MCHF","1858.35221412843","A"
"2017","S1","P53","AC","4.7236264887602","A"
"2017","S1","P53","ACPP","-4.65166902853148","A"
"2017","S13","P3","MCHF","81899.22394542","A"
"2017","S13","P3","AC","1.6124226896598","A"
"2017","S13","P3","ACPP","1.40072011887309","A"
"2017","S14_S15","P3","MCHF","366780.056419432","A"
"2017","S14_S15","P3","AC","2.19001545823358","A"
"2017","S14_S15","P3","ACPP","1.45574923147678","A"
"2017","S2","P7","MCHF","398759.844571858","A"
"2017","S2","P7","AC","2.15292722802605","A"
"2017","S2","P7","ACPP","-0.541111399549342","A"
"2017","S2","P71","MCHF","260117.234970126","A"
"2017","S2","P71","AC","-0.486194304405078","A"
"2017","S2","P71","ACPP","-2.99558099527145","A"
"2017","S2","P71XF11","MCHF","193215.535768451","A"
"2017","S2","P71XF11","AC","6.65166496865887","A"
"2017","S2","P71XF11","ACPP","3.33147314852878","A"
"2017","S2","P72","MCHF","138642.609601731","A"
"2017","S2","P72","AC","7.50182498373503","A"
"2017","S2","P72","ACPP","4.43353897205362","A"
"2017","S2","P6","MCHF","456767.529411437","A"
"2017","S2","P6","AC","0.172648564853956","A"
"2017","S2","P6","ACPP","-0.80853196901206","A"
"2017","S2","P61","MCHF","331176.50119974","A"
"2017","S2","P61","AC","0.638405570845454","A"
"2017","S2","P61","ACPP","-0.671466664398113","A"
"2017","S2","P61XF11","MCHF","268313.57399074","A"
"2017","S2","P61XF11","AC","7.36122645071728","A"
"2017","S2","P61XF11","ACPP","5.83934068499164","A"
"2017","S2","P62","MCHF","125591.028211698","A"
"2017","S2","P62","AC","-1.03510331461771","A"
"2017","S2","P62","ACPP","-1.16395524150892","A"
"2018","S1","B1GQ","MCHF","724383.244891156","A"
"2018","S1","B1GQ","AC","4.10158748817242","A"
"2018","S1","B1GQ","ACPP","3.32743250832074","A"
"2018","S1","P3","MCHF","454322.66422455","A"
"2018","S1","P3","AC","1.25777679216843","A"
"2018","S1","P3","ACPP","0.213358991172517","A"
"2018","S1","P5","MCHF","197701.969238868","A"
"2018","S1","P5","AC","4.51812200720408","A"
"2018","S1","P5","ACPP","3.8656705906687","A"
"2018","S1","P51G","MCHF","195583.003394051","A"
"2018","S1","P51G","AC","2.1512465440546","A"
"2018","S1","P51G","ACPP","1.37523773621787","A"
"2018","S1","P5111_N113T117G","MCHF","129093.05654237","A"
"2018","S1","P5111_N113T117G","AC","2.99838915920346","A"
"2018","S1","P5111_N113T117G","ACPP","2.08835830121998","A"
"2018","S1","P5111_N111_112G","MCHF","66489.9468516818","A"
"2018","S1","P5111_N111_112G","AC","0.545650524122068","A"
"2018","S1","P5111_N111_112G","ACPP","0.0236547554723484","A"
"2018","S1","P52","MCHF","5200.10886734031","A"
"2018","S1","P52","AC","224.798459390094","A"
"2018","S1","P52","ACPP","232.369802517009","A"
"2018","S1","P53","MCHF","-3081.14302252333","A"
"2018","S1","P53","AC","-265.799733715623","A"
"2018","S1","P53","ACPP","-269.235761616304","A"
"2018","S13","P3","MCHF","83092.86686405","A"
"2018","S13","P3","AC","1.45745327138322","A"
"2018","S13","P3","ACPP","0.80087582368514","A"
"2018","S14_S15","P3","MCHF","371229.7973605","A"
"2018","S14_S15","P3","AC","1.21319053835876","A"
"2018","S14_S15","P3","ACPP","0.0821709077543929","A"
"2018","S2","P7","MCHF","411126.731212741","A"
"2018","S2","P7","AC","3.10133701003954","A"
"2018","S2","P7","ACPP","0.55294640512052","A"
"2018","S2","P71","MCHF","267320.082963373","A"
"2018","S2","P71","AC","2.76907756384293","A"
"2018","S2","P71","ACPP","0.926632553136015","A"
"2018","S2","P71XF11","MCHF","208755.017522923","A"
"2018","S2","P71XF11","AC","8.04256329216439","A"
"2018","S2","P71XF11","ACPP","5.34910582649273","A"
"2018","S2","P72","MCHF","143806.648249368","A"
"2018","S2","P72","AC","3.72471252702982","A"
"2018","S2","P72","ACPP","-0.148152685899577","A"
"2018","S2","P6","MCHF","483485.342640479","A"
"2018","S2","P6","AC","5.84932411099102","A"
"2018","S2","P6","ACPP","3.7413319478994","A"
"2018","S2","P61","MCHF","347012.641185776","A"
"2018","S2","P61","AC","4.78178250228114","A"
"2018","S2","P61","ACPP","2.60420341946051","A"
"2018","S2","P61XF11","MCHF","291630.117482776","A"
"2018","S2","P61XF11","AC","8.69003500092797","A"
"2018","S2","P61XF11","ACPP","5.83885155947934","A"
"2018","S2","P62","MCHF","136472.701454703","A"
"2018","S2","P62","AC","8.66437149050404","A"
"2018","S2","P62","ACPP","6.73987613393806","A"
"2019","S1","B1GQ","MCHF","731800.76850289","A"
"2019","S1","B1GQ","AC","1.02397779960376","A"
"2019","S1","B1GQ","ACPP","1.115321899032","A"
"2019","S1","P3","MCHF","459823.629759397","A"
"2019","S1","P3","AC","1.21080588049377","A"
"2019","S1","P3","ACPP","1.35847636831488","A"
"2019","S1","P5","MCHF","204107.070956225","A"
"2019","S1","P5","AC","3.23977638766845","A"
"2019","S1","P5","ACPP","2.98566004350237","A"
"2019","S1","P51G","MCHF","197599.951948155","A"
"2019","S1","P51G","AC","1.03124940260774","A"
"2019","S1","P51G","ACPP","0.804074455490793","A"
"2019","S1","P5111_N113T117G","MCHF","131296.703556666","A"
"2019","S1","P5111_N113T117G","AC","1.70702210739997","A"
"2019","S1","P5111_N113T117G","ACPP","1.66232542284389","A"
"2019","S1","P5111_N111_112G","MCHF","66303.2483914886","A"
"2019","S1","P5111_N111_112G","AC","-0.280792012978528","A"
"2019","S1","P5111_N111_112G","ACPP","-0.8622562591841","A"
"2019","S1","P52","MCHF","9109.18179936006","A"
"2019","S1","P52","AC","75.1729056399374","A"
"2019","S1","P52","ACPP","61.3790155092277","A"
"2019","S1","P53","MCHF","-2602.0627912901","A"
"2019","S1","P53","AC","15.5487826345977","A"
"2019","S1","P53","ACPP","36.9440851887251","A"
"2019","S13","P3","MCHF","84819.67886706","A"
"2019","S13","P3","AC","2.07817116941611","A"
"2019","S13","P3","ACPP","1.0970870152899","A"
"2019","S14_S15","P3","MCHF","375003.950892337","A"
"2019","S14_S15","P3","AC","1.01666233655585","A"
"2019","S14_S15","P3","ACPP","1.41698350019118","A"
"2019","S2","P7","MCHF","416204.802630038","A"
"2019","S2","P7","AC","1.23515963126937","A"
"2019","S2","P7","ACPP","0.345677606434504","A"
"2019","S2","P71","MCHF","269733.596113582","A"
"2019","S2","P71","AC","0.902855155308313","A"
"2019","S2","P71","ACPP","-0.5963719816327","A"
"2019","S2","P71XF11","MCHF","212343.8144598","A"
"2019","S2","P71XF11","AC","1.71914283999529","A"
"2019","S2","P71XF11","ACPP","2.93067200501581","A"
"2019","S2","P72","MCHF","146471.206516456","A"
"2019","S2","P72","AC","1.85287557948459","A"
"2019","S2","P72","ACPP","2.09683985869045","A"
"2019","S2","P6","MCHF","484074.870417306","A"
"2019","S2","P6","AC","0.1219329160235","A"
"2019","S2","P6","ACPP","-0.532424976743979","A"
"2019","S2","P61","MCHF","349342.250818943","A"
"2019","S2","P61","AC","0.671332786381095","A"
"2019","S2","P61","ACPP","0.236129863504507","A"
"2019","S2","P61XF11","MCHF","295620.037423943","A"
"2019","S2","P61XF11","AC","1.36814399541663","A"
"2019","S2","P61XF11","ACPP","2.94249403796958","A"
"2019","S2","P62","MCHF","134732.619598363","A"
"2019","S2","P62","AC","-1.27504023719858","A"
"2019","S2","P62","ACPP","-2.48664909752362","A"
"2020","S1","B1GQ","MCHF","709854.597899914","A"
"2020","S1","B1GQ","AC","-2.99892696858919","A"
"2020","S1","B1GQ","ACPP","-2.25525798670121","A"
"2020","S1","P3","MCHF","447300.685300786","A"
"2020","S1","P3","AC","-2.7234234276224","A"
"2020","S1","P3","ACPP","-2.39673181630164","A"
"2020","S1","P5","MCHF","222196.17515105","A"
"2020","S1","P5","AC","8.86255635832676","A"
"2020","S1","P5","ACPP","3.80980572967712","A"
"2020","S1","P51G","MCHF","196156.891726866","A"
"2020","S1","P51G","AC","-0.730293811846319","A"
"2020","S1","P51G","ACPP","-0.5947767970941","A"
"2020","S1","P5111_N113T117G","MCHF","130483.947296239","A"
"2020","S1","P5111_N113T117G","AC","-0.619022594178542","A"
"2020","S1","P5111_N113T117G","ACPP","-0.373883657987398","A"
"2020","S1","P5111_N111_112G","MCHF","65672.9444306273","A"
"2020","S1","P5111_N111_112G","AC","-0.950638130336615","A"
"2020","S1","P5111_N111_112G","ACPP","-1.03219942278121","A"
"2020","S1","P52","MCHF","11917.0429442028","A"
"2020","S1","P52","AC","30.8245153811732","A"
"2020","S1","P52","ACPP","-61.2395822770847","A"
"2020","S1","P53","MCHF","14122.2404799812","A"
"2020","S1","P53","AC","642.732501584998","A"
"2020","S1","P53","ACPP","558.394919624809","A"
"2020","S13","P3","MCHF","87808.13723119","A"
"2020","S13","P3","AC","3.52330780315014","A"
"2020","S13","P3","ACPP","3.63354285791058","A"
"2020","S14_S15","P3","MCHF","359492.548069596","A"
"2020","S14_S15","P3","AC","-4.13633050687362","A"
"2020","S14_S15","P3","ACPP","-3.76068000972665","A"
"2020","S2","P7","MCHF","410884.242297822","A"
"2020","S2","P7","AC","-1.27835149873213","A"
"2020","S2","P7","ACPP","-2.76776458115866","A"
"2020","S2","P71","MCHF","271946.956095405","A"
"2020","S2","P71","AC","0.820572599673948","A"
"2020","S2","P71","ACPP","-2.20285999530098","A"
"2020","S2","P71XF11","MCHF","191537.698322143","A"
"2020","S2","P71XF11","AC","-9.79831514781216","A"
"2020","S2","P71XF11","ACPP","-7.48161746117789","A"
"2020","S2","P72","MCHF","138937.286202417","A"
"2020","S2","P72","AC","-5.14361866282091","A"
"2020","S2","P72","ACPP","-3.80806286932304","A"
"2020","S2","P6","MCHF","451241.9797459","A"
"2020","S2","P6","AC","-6.78260588968433","A"
"2020","S2","P6","ACPP","-5.11881726476848","A"
"2020","S2","P61","MCHF","339389.962567874","A"
"2020","S2","P61","AC","-2.84886475304343","A"
"2020","S2","P61","ACPP","-2.10079359863116","A"
"2020","S2","P61XF11","MCHF","275877.406837874","A"
"2020","S2","P61XF11","AC","-6.67838038250327","A"
"2020","S2","P61XF11","ACPP","-2.30319158242764","A"
"2020","S2","P62","MCHF","111852.017178027","A"
"2020","S2","P62","AC","-16.9822293135422","A"
"2020","S2","P62","ACPP","-12.9441173568781","A"
"2021","S1","B1GQ","MCHF","768279.352473616","A"
"2021","S1","B1GQ","AC","8.23052421531816","A"
"2021","S1","B1GQ","ACPP","6.17622838562996","A"
"2021","S1","P3","MCHF","460707.407968641","A"
"2021","S1","P3","AC","2.99725064334288","A"
"2021","S1","P3","ACPP","2.31950798762998","A"
"2021","S1","P5","MCHF","216299.235901053","A"
"2021","S1","P5","AC","-2.65393373490274","A"
"2021","S1","P5","ACPP","-3.16880136638131","A"
"2021","S1","P51G","MCHF","205706.943289651","A"
"2021","S1","P51G","AC","4.86857814615174","A"
"2021","S1","P51G","ACPP","3.56114996148705","A"
"2021","S1","P5111_N113T117G","MCHF","140265.917431565","A"
"2021","S1","P5111_N113T117G","AC","7.49668471717702","A"
"2021","S1","P5111_N113T117G","ACPP","6.90093760185184","A"
"2021","S1","P5111_N111_112G","MCHF","65441.0258580857","A"
"2021","S1","P5111_N111_112G","AC","-0.35314173066598","A"
"2021","S1","P5111_N111_112G","ACPP","-3.07459141152729","A"
"2021","S1","P52","MCHF","7017.0445707439","A"
"2021","S1","P52","AC","-41.1175691520235","A"
"2021","S1","P52","ACPP","-28.3271717799348","A"
"2021","S1","P53","MCHF","3575.24804065811","A"
"2021","S1","P53","AC","-74.683563520065","A"
"2021","S1","P53","ACPP","-75.4174615396453","A"
"2021","S13","P3","MCHF","92242.89313603","A"
"2021","S13","P3","AC","5.0505067578916","A"
"2021","S13","P3","ACPP","2.91286819607589","A"
"2021","S14_S15","P3","MCHF","368464.51483261","A"
"2021","S14_S15","P3","AC","2.495730943852","A"
"2021","S14_S15","P3","ACPP","2.17457631967046","A"
"2021","S2","P7","MCHF","446078.256063107","A"
"2021","S2","P7","AC","8.56543282567046","A"
"2021","S2","P7","ACPP","5.11008605889319","A"
"2021","S2","P71","MCHF","294529.134102199","A"
"2021","S2","P71","AC","8.30389070391795","A"
"2021","S2","P71","ACPP","4.49380066130573","A"
"2021","S2","P71XF11","MCHF","211835.680689009","A"
"2021","S2","P71XF11","AC","10.5973824185393","A"
"2021","S2","P71XF11","ACPP","4.63088375382658","A"
"2021","S2","P72","MCHF","151549.121960907","A"
"2021","S2","P72","AC","9.07735864375288","A"
"2021","S2","P72","ACPP","6.31636367191481","A"
"2021","S2","P6","MCHF","537350.964667029","A"
"2021","S2","P6","AC","19.0826626923358","A"
"2021","S2","P6","ACPP","13.6300616136458","A"
"2021","S2","P61","MCHF","410022.54162949","A"
"2021","S2","P61","AC","20.8116287609687","A"
"2021","S2","P61","ACPP","13.6629394555722","A"
"2021","S2","P61XF11","MCHF","335957.14133049","A"
"2021","S2","P61XF11","AC","21.7776929184795","A"
"2021","S2","P61XF11","ACPP","12.6790291829651","A"
"2021","S2","P62","MCHF","127328.423037539","A"
"2021","S2","P62","AC","13.8365013434484","A"
"2021","S2","P62","ACPP","13.5303011460008","A"
"2022","S1","B1GQ","MCHF","819703.686719524","A"
"2022","S1","B1GQ","AC","6.69344218093829","A"
"2022","S1","B1GQ","ACPP","3.53430291467989","A"
"2022","S1","P3","MCHF","488925.80354328","A"
"2022","S1","P3","AC","6.125014507377","A"
"2022","S1","P3","ACPP","3.78060809886401","A"
"2022","S1","P5","MCHF","218528.33392413","A"
"2022","S1","P5","AC","1.03056213480876","A"
"2022","S1","P5","ACPP","-0.205468525174661","A"
"2022","S1","P51G","MCHF","215222.970750952","A"
"2022","S1","P51G","AC","4.62601179577185","A"
"2022","S1","P51G","ACPP","0.995185315270326","A"
"2022","S1","P5111_N113T117G","MCHF","149509.763444281","A"
"2022","S1","P5111_N113T117G","AC","6.590229602445","A"
"2022","S1","P5111_N113T117G","ACPP","4.66222593747868","A"
"2022","S1","P5111_N111_112G","MCHF","65713.2073066706","A"
"2022","S1","P5111_N111_112G","AC","0.415918676420399","A"
"2022","S1","P5111_N111_112G","ACPP","-6.86472840686958","A"
"2022","S1","P52","MCHF","6818.40029946361","A"
"2022","S1","P52","AC","-2.83088227925032","A"
"2022","S1","P52","ACPP","65.4844067547424","A"
"2022","S1","P53","MCHF","-3513.03712628566","A"
"2022","S1","P53","AC","-198.259955290795","A"
"2022","S1","P53","ACPP","-198.214559391607","A"
"2022","S13","P3","MCHF","93566.09094105","A"
"2022","S13","P3","AC","1.43447127473409","A"
"2022","S13","P3","ACPP","-0.566224758873149","A"
"2022","S14_S15","P3","MCHF","395359.71260223","A"
"2022","S14_S15","P3","AC","7.29926402325011","A"
"2022","S14_S15","P3","ACPP","4.86881177285575","A"
"2022","S2","P7","MCHF","502240.454298081","A"
"2022","S2","P7","AC","12.5902120248222","A"
"2022","S2","P7","ACPP","6.19178045740684","A"
"2022","S2","P71","MCHF","339429.02234336","A"
"2022","S2","P71","AC","15.244633906261","A"
"2022","S2","P71","ACPP","7.45541856137021","A"
"2022","S2","P71XF11","MCHF","248194.568665226","A"
"2022","S2","P71XF11","AC","17.1637223049289","A"
"2022","S2","P71XF11","ACPP","8.12275721295888","A"
"2022","S2","P72","MCHF","162811.431954721","A"
"2022","S2","P72","AC","7.43145842621169","A"
"2022","S2","P72","ACPP","3.73595470425676","A"
"2022","S2","P6","MCHF","614490.003550195","A"
"2022","S2","P6","AC","14.3554294968031","A"
"2022","S2","P6","ACPP","7.03458141676193","A"
"2022","S2","P61","MCHF","465564.323772864","A"
"2022","S2","P61","AC","13.5460313773587","A"
"2022","S2","P61","ACPP","6.3286989284472","A"
"2022","S2","P61XF11","MCHF","377358.762676864","A"
"2022","S2","P61XF11","AC","12.3234830438227","A"
"2022","S2","P61XF11","ACPP","4.59360045584156","A"
"2022","S2","P62","MCHF","148925.679777331","A"
"2022","S2","P62","AC","16.9618504844162","A"
"2022","S2","P62","ACPP","9.30766173179278","A"
"2023","S1","B1GQ","MCHF","834189.811288915","A"
"2023","S1","B1GQ","AC","1.76723916264962","A"
"2023","S1","B1GQ","ACPP","0.825560872823845","A"
"2023","S1","P3","MCHF","505064.27628236","A"
"2023","S1","P3","AC","3.3008020076099","A"
"2023","S1","P3","ACPP","1.40821229625445","A"
"2023","S1","P5","MCHF","238196.494433458","A"
"2023","S1","P5","AC","9.00027934874445","A"
"2023","S1","P5","ACPP","7.48471544202092","A"
"2023","S1","P51G","MCHF","224331.050485352","A"
"2023","S1","P51G","AC","4.23192733685444","A"
"2023","S1","P51G","ACPP","2.21666222944802","A"
"2023","S1","P5111_N113T117G","MCHF","157696.216000479","A"
"2023","S1","P5111_N113T117G","AC","5.47553040524258","A"
"2023","S1","P5111_N113T117G","ACPP","3.82861577611745","A"
"2023","S1","P5111_N111_112G","MCHF","66634.8344848724","A"
"2023","S1","P5111_N111_112G","AC","1.40249915652532","A"
"2023","S1","P5111_N111_112G","ACPP","-1.45083176945249","A"
"2023","S1","P52","MCHF","18867.1237927334","A"
"2023","S1","P52","AC","176.708948786971","A"
"2023","S1","P52","ACPP","178.241301791867","A"
"2023","S1","P53","MCHF","-5001.67984462645","A"
"2023","S1","P53","AC","-42.3748074622466","A"
"2023","S1","P53","ACPP","-16.1611671626903","A"
"2023","S13","P3","MCHF","97946.49573396","A"
"2023","S13","P3","AC","4.68161568881808","A"
"2023","S13","P3","ACPP","1.41528341935513","A"
"2023","S14_S15","P3","MCHF","407117.7805484","A"
"2023","S14_S15","P3","AC","2.97401772901409","A"
"2023","S14_S15","P3","ACPP","1.40653883958699","A"
"2023","S2","P7","MCHF","495662.708701135","A"
"2023","S2","P7","AC","-1.30968056050737","A"
"2023","S2","P7","ACPP","0.0369422948906016","A"
"2023","S2","P71","MCHF","327204.955401075","A"
"2023","S2","P71","AC","-3.60136173916182","A"
"2023","S2","P71","ACPP","-0.501950865188395","A"
"2023","S2","P71XF11","MCHF","238755.237554484","A"
"2023","S2","P71XF11","AC","-3.803198096359","A"
"2023","S2","P71XF11","ACPP","1.17806446156255","A"
"2023","S2","P72","MCHF","168457.75330006","A"
"2023","S2","P72","AC","3.46801282781497","A"
"2023","S2","P72","ACPP","1.16042592424659","A"
"2023","S2","P6","MCHF","586591.749274231","A"
"2023","S2","P6","AC","-4.54006641520328","A"
"2023","S2","P6","ACPP","-2.65075836629132","A"
"2023","S2","P61","MCHF","432836.921388553","A"
"2023","S2","P61","AC","-7.0296199071039","A"
"2023","S2","P61","ACPP","-3.17828662990346","A"
"2023","S2","P61XF11","MCHF","343143.260501553","A"
"2023","S2","P61XF11","AC","-9.06710153822767","A"
"2023","S2","P61XF11","ACPP","-3.81981356981798","A"
"2023","S2","P62","MCHF","153754.827885678","A"
"2023","S2","P62","AC","3.24265641464079","A"
"2023","S2","P62","ACPP","-1.0016247871338","A"
"2024","S1","B1GQ","MCHF","853956.984778921","A"
"2024","S1","B1GQ","AC","2.36962538051914","A"
"2024","S1","B1GQ","ACPP","1.39033365189501","A"
"2024","S1","P3","MCHF","522831.723470774","A"
"2024","S1","P3","AC","3.51785862171749","A"
"2024","S1","P3","ACPP","2.17562491204736","A"
"2024","S1","P5","MCHF","228222.906145056","A"
"2024","S1","P5","AC","-4.18712639416654","A"
"2024","S1","P5","ACPP","-2.70439052373521","A"
"2024","S1","P51G","MCHF","225873.12730923","A"
"2024","S1","P51G","AC","0.687411225749521","A"
"2024","S1","P51G","ACPP","0.464041937711152","A"
"2024","S1","P5111_N113T117G","MCHF","159658.76124004","A"
"2024","S1","P5111_N113T117G","AC","1.24451003919769","A"
"2024","S1","P5111_N113T117G","ACPP","1.24958977382129","A"
"2024","S1","P5111_N111_112G","MCHF","66214.3660691898","A"
"2024","S1","P5111_N111_112G","AC","-0.631003916994876","A"
"2024","S1","P5111_N111_112G","ACPP","-1.39501454827819","A"
"2024","S1","P52","MCHF","12510.2480085491","A"
"2024","S1","P52","AC","-33.6928715474514","A"
"2024","S1","P52","ACPP","-26.4192884986492","A"
"2024","S1","P53","MCHF","-10160.4691727231","A"
"2024","S1","P53","AC","-103.141134345873","A"
"2024","S1","P53","ACPP","-49.9470935424289","A"
"2024","S13","P3","MCHF","101745.2193416","A"
"2024","S13","P3","AC","3.87836601929895","A"
"2024","S13","P3","ACPP","1.30142751559563","A"
"2024","S14_S15","P3","MCHF","421086.504129174","A"
"2024","S14_S15","P3","AC","3.43112589235423","A"
"2024","S14_S15","P3","ACPP","2.38594383117404","A"
"2024","S2","P7","MCHF","505134.570076443","A"
"2024","S2","P7","AC","1.91094895965206","A"
"2024","S2","P7","ACPP","0.595662560507939","A"
"2024","S2","P71","MCHF","326737.231245004","A"
"2024","S2","P71","AC","-0.142945315574002","A"
"2024","S2","P71","ACPP","-1.14136491306213","A"
"2024","S2","P71XF11","MCHF","237186.444737405","A"
"2024","S2","P71XF11","AC","-0.657071582239531","A"
"2024","S2","P71XF11","ACPP","4.15589251117942","A"
"2024","S2","P72","MCHF","178397.338831439","A"
"2024","S2","P72","AC","5.90034316418476","A"
"2024","S2","P72","ACPP","3.96958857985566","A"
"2024","S2","P6","MCHF","608036.925239534","A"
"2024","S2","P6","AC","3.65589457946448","A"
"2024","S2","P6","ACPP","1.70543790774705","A"
"2024","S2","P61","MCHF","442055.491560282","A"
"2024","S2","P61","AC","2.12980217633821","A"
"2024","S2","P61","ACPP","-0.186111638606139","A"
"2024","S2","P61XF11","MCHF","346305.237749282","A"
"2024","S2","P61XF11","AC","0.921474384520053","A"
"2024","S2","P61XF11","ACPP","2.69469851967232","A"
"2024","S2","P62","MCHF","165981.433679252","A"
"2024","S2","P62","AC","7.95201423051553","A"
"2024","S2","P62","ACPP","7.03036001624947","A"
